timestamp,site_name,comid,nwm_cms,usgs_cms,total_precipitation,surface_solar_radiation_downwards,evaporation,hour,2m_temperature,2m_dewpoint_temperature,surface_pressure,10m_u_component_of_wind,10m_v_component_of_wind,soil_moisture_vwc,temp_c,dewpoint_c,pressure_hpa,precip_mm,radiation_mj_m2,evap_mm,wind_speed,wind_dir_deg,vpd_kpa,rel_humidity_pct,doy,month,hour_sin,hour_cos,doy_sin,doy_cos,month_sin,month_cos,y_residual_cms,y_corrected_cms,site_key,state,latitude,longitude,regulation_status,urban_percent,forest_percent,agriculture_percent,impervious_percent,water_wetlands_percent,data_source,extraction_date,buffer_km,notes
2023-01-01 00:00:00,"Watauga River, NC",19743430,4.9399998895823956,4.020992216064,2.7745962e-05,0.0,2.0420877e-05,0.0,282.39062,281.6543,93412.75,1.6259155,0.09623718,0.4801366,9.240631,8.504303,934.1275,0.027745962,0.0,0.020420877,1.6287612,3.3873596,0.05668044,95.14247,1.0,1.0,0.0,1.0,0.0172015754182605,0.9998520419557736,0.4999999999999999,0.8660254037844387,-0.9190076735183954,4.020992216064,3479000,NC,36.215,-81.687,Unregulated,11.91,57.9,15.19,6.99,4.75,NLCD_2021_estimated,2025-09-22,10,Estimated from location and regulation status
2023-01-01 01:00:00,"Watauga River, NC",19743430,4.8699998911470175,3.96435852288,2.4557114e-05,0.0,3.288989e-05,1.0,282.00952,281.1801,93432.625,1.8010712,-0.40751648,0.4803228,8.859528,8.030121,934.32623,0.024557114,0.0,0.032889888,1.8465987,347.25073,0.062239528,94.527,1.0,1.0,0.2588190451025207,0.9659258262890684,0.0172015754182605,0.9998520419557736,0.4999999999999999,0.8660254037844387,-0.9056413682670175,3.96435852288,3479000,NC,36.215,-81.687,Unregulated,11.91,57.9,15.19,6.99,4.75,NLCD_2021_estimated,2025-09-22,10,Estimated from location and regulation status
2023-01-01 02:00:00,"Watauga River, NC",19743430,4.659999895840883,3.96435852288,1.8566847e-05,0.0,2.7722679e-05,2.0,282.15845,281.39703,93483.75,1.8287964,-0.5133972,0.48037767,9.008453,8.24704,934.8375,0.018566847,0.0,0.02772268,1.8994929,344.319,0.057763577,94.971466,1.0,1.0,0.4999999999999999,0.8660254037844387,0.0172015754182605,0.9998520419557736,0.4999999999999999,0.8660254037844387,-0.6956413729608832,3.96435852288,3479000,NC,36.215,-81.687,Unregulated,11.91,57.9,15.19,6.99,4.75,NLCD_2021_estimated,2025-09-22,10,Estimated from location and regulation status
2023-01-01 03:00:00,"Watauga River, NC",19743430,4.449999900534749,3.879407983104,1.3113022e-05,0.0,2.8929207e-05,3.0,281.9887,281.10315,93502.875,1.907898,-0.44021606,0.48035383,8.838715,7.9531555,935.02875,0.013113022,0.0,0.028929207,1.9580257,347.00732,0.06626022,94.16524,1.0,1.0,0.7071067811865475,0.7071067811865476,0.0172015754182605,0.9998520419557736,0.4999999999999999,0.8660254037844387,-0.570591917430749,3.879407983104,3479000,NC,36.215,-81.687,Unregulated,11.91,57.9,15.19,6.99,4.75,NLCD_2021_estimated,2025-09-22,10,Estimated from location and regulation status
2023-01-01 04:00:00,"Watauga River, NC",19743430,4.289999904111028,3.851091136512,2.6643276e-05,0.0,2.8619776e-05,4.0,281.78275,280.79044,93554.125,2.096939,-0.6667175,0.48044384,8.632751,7.640442,935.54126,0.026643276,0.0,0.028619776,2.2003787,342.36206,0.073106766,93.47195,1.0,1.0,0.8660254037844386,0.5000000000000001,0.0172015754182605,0.9998520419557736,0.4999999999999999,0.8660254037844387,-0.4389087675990275,3.851091136512,3479000,NC,36.215,-81.687,Unregulated,11.91,57.9,15.19,6.99,4.75,NLCD_2021_estimated,2025-09-22,10,Estimated from location and regulation status
2023-01-01 05:00:00,"Watauga River, NC",19743430,4.179999906569719,3.780299020032,3.5107136e-05,0.0,2.9512914e-05,5.0,281.23593,280.35608,93546.875,1.9385681,-0.7594147,0.4806304,8.0859375,7.206085,935.46875,0.035107136,0.0,0.029512914,2.082008,338.60773,0.062939405,94.16722,1.0,1.0,0.9659258262890684,0.2588190451025207,0.0172015754182605,0.9998520419557736,0.4999999999999999,0.8660254037844387,-0.3997008865377194,3.780299020032,3479000,NC,36.215,-81.687,Unregulated,11.91,57.9,15.19,6.99,4.75,NLCD_2021_estimated,2025-09-22,10,Estimated from location and regulation status
2023-01-01 06:00:00,"Watauga River, NC",19743430,4.109999908134341,3.737823750144,4.4226646e-05,0.0,2.634991e-05,6.0,281.73593,280.79553,93548.56,2.040863,-0.73139954,0.48083317,8.5859375,7.6455383,935.4856,0.044226646,0.0,0.02634991,2.167964,340.28345,0.06919491,93.80162,1.0,1.0,1.0,6.123233995736766e-17,0.0172015754182605,0.9998520419557736,0.4999999999999999,0.8660254037844387,-0.3721761579903413,3.737823750144,3479000,NC,36.215,-81.687,Unregulated,11.91,57.9,15.19,6.99,4.75,NLCD_2021_estimated,2025-09-22,10,Estimated from location and regulation status
2023-01-01 07:00:00,"Watauga River, NC",19743430,4.049999909475446,3.6811900569600002,8.6426735e-06,0.0,1.6476959e-05,7.0,281.99292,281.01492,93556.69,1.8441925,-0.72772217,0.48072624,8.842926,7.864929,935.5669,0.0086426735,0.0,0.016476959,1.9825805,338.4657,0.07299507,93.57401,1.0,1.0,0.9659258262890684,-0.2588190451025206,0.0172015754182605,0.9998520419557736,0.4999999999999999,0.8660254037844387,-0.3688098525154455,3.6811900569600002,3479000,NC,36.215,-81.687,Unregulated,11.91,57.9,15.19,6.99,4.75,NLCD_2021_estimated,2025-09-22,10,Estimated from location and regulation status
2023-01-01 08:00:00,"Watauga River, NC",19743430,3.999999910593033,3.6811900569600002,1.0043383e-05,0.0,1.9459752e-05,8.0,281.53238,280.54523,93576.19,1.6967926,-0.6524658,0.480628,8.382385,7.395233,935.7619,0.010043383,0.0,0.019459752,1.8179154,338.9668,0.07165432,93.49206,1.0,1.0,0.8660254037844387,-0.4999999999999998,0.0172015754182605,0.9998520419557736,0.4999999999999999,0.8660254037844387,-0.3188098536330326,3.6811900569600002,3479000,NC,36.215,-81.687,Unregulated,11.91,57.9,15.19,6.99,4.75,NLCD_2021_estimated,2025-09-22,10,Estimated from location and regulation status
2023-01-01 09:00:00,"Watauga River, NC",19743430,3.94999991171062,3.659952422016,3.4600496e-05,0.0,1.8777093e-05,9.0,281.28262,280.34436,93584.44,1.7257843,-0.3846588,0.4807248,8.132629,7.1943665,935.84436,0.034600496,0.0,0.018777093,1.7681329,347.43478,0.067189336,93.79312,1.0,1.0,0.7071067811865476,-0.7071067811865475,0.0172015754182605,0.9998520419557736,0.4999999999999999,0.8660254037844387,-0.2900474896946199,3.659952422016,3479000,NC,36.215,-81.687,Unregulated,11.91,57.9,15.19,6.99,4.75,NLCD_2021_estimated,2025-09-22,10,Estimated from location and regulation status
2023-01-01 10:00:00,"Watauga River, NC",19743430,3.9099999126046896,3.5962395171840003,2.4020672e-05,0.0,2.1191081e-05,10.0,280.74936,279.87747,93608.0,1.7707672,0.46754456,0.4807161,7.599365,6.727478,936.08,0.024020672,0.0,0.021191081,1.8314514,14.790558,0.060581803,94.19629,1.0,1.0,0.4999999999999999,-0.8660254037844387,0.0172015754182605,0.9998520419557736,0.4999999999999999,0.8660254037844387,-0.31376039542068934,3.5962395171840003,3479000,NC,36.215,-81.687,Unregulated,11.91,57.9,15.19,6.99,4.75,NLCD_2021_estimated,2025-09-22,10,Estimated from location and regulation status
2023-01-01 11:00:00,"Watauga River, NC",19743430,3.8599999137222767,3.5962395171840003,2.220273e-05,0.0,2.1641841e-05,11.0,280.86664,279.92065,93642.56,1.8890228,0.09100342,0.48064744,7.7166443,6.7706604,936.4256,0.02220273,0.0,0.021641841,1.8912137,2.7580872,0.06605065,93.72286,1.0,1.0,0.258819045102521,-0.9659258262890682,0.0172015754182605,0.9998520419557736,0.4999999999999999,0.8660254037844387,-0.26376039653827643,3.5962395171840003,3479000,NC,36.215,-81.687,Unregulated,11.91,57.9,15.19,6.99,4.75,NLCD_2021_estimated,2025-09-22,10,Estimated from location and regulation status
2023-01-01 12:00:00,"Watauga River, NC",19743430,3.809999914839864,3.539605824,1.3709068e-05,0.0,2.136128e-05,12.0,280.47272,279.57483,93711.94,1.8961945,-0.29473877,0.48051572,7.3227234,6.424835,937.1194,0.013709068,0.0,0.02136128,1.9189644,351.16483,0.061305583,94.014755,1.0,1.0,1.2246467991473532e-16,-1.0,0.0172015754182605,0.9998520419557736,0.4999999999999999,0.8660254037844387,-0.2703940908398641,3.539605824,3479000,NC,36.215,-81.687,Unregulated,11.91,57.9,15.19,6.99,4.75,NLCD_2021_estimated,2025-09-22,10,Estimated from location and regulation status
2023-01-01 13:00:00,"Watauga River, NC",19743430,3.7699999157339334,3.518368189056,2.5749207e-05,9408.0,2.007722e-05,13.0,280.16205,279.30615,93776.56,1.7743225,-0.52996826,0.48052812,7.0120544,6.1561584,937.7656,0.025749207,0.009408,0.02007722,1.8517793,343.36975,0.05742067,94.27333,1.0,1.0,-0.2588190451025208,-0.9659258262890684,0.0172015754182605,0.9998520419557736,0.4999999999999999,0.8660254037844387,-0.25163172667793354,3.518368189056,3479000,NC,36.215,-81.687,Unregulated,11.91,57.9,15.19,6.99,4.75,NLCD_2021_estimated,2025-09-22,10,Estimated from location and regulation status
2023-01-01 14:00:00,"Watauga River, NC",19743430,3.749999916180968,3.454655284224,2.9295683e-05,236380.0,1.2512319e-06,14.0,281.0165,280.3258,93823.875,1.3597412,-0.3156891,0.48048162,7.866516,7.175812,938.2388,0.029295683,0.23638,0.0012512319,1.3959068,346.9293,0.049037337,95.38713,1.0,1.0,-0.4999999999999998,-0.8660254037844388,0.0172015754182605,0.9998520419557736,0.4999999999999999,0.8660254037844387,-0.2953446319569677,3.454655284224,3479000,NC,36.215,-81.687,Unregulated,11.91,57.9,15.19,6.99,4.75,NLCD_2021_estimated,2025-09-22,10,Estimated from location and regulation status
2023-01-01 15:00:00,"Watauga River, NC",19743430,3.7399999164044857,3.454655284224,2.1904707e-05,666696.0,-6.1531086e-05,15.0,283.73047,282.1661,93866.69,1.0533447,0.041732788,0.48028648,10.580475,9.016113,938.6669,0.021904707,0.666696,-0.061531086,1.0541711,2.2688293,0.12724185,90.03239,1.0,1.0,-0.7071067811865471,-0.7071067811865479,0.0172015754182605,0.9998520419557736,0.4999999999999999,0.8660254037844387,-0.28534463218048556,3.454655284224,3479000,NC,36.215,-81.687,Unregulated,11.91,57.9,15.19,6.99,4.75,NLCD_2021_estimated,2025-09-22,10,Estimated from location and regulation status
2023-01-01 16:00:00,"Watauga River, NC",19743430,3.7399999164044857,3.454655284224,3.5703182e-05,969960.0,-0.00011096592,16.0,284.5091,282.3896,93871.69,1.5074158,0.25862122,0.48017192,11.3591,9.2395935,938.71686,0.035703182,0.96996,-0.11096592,1.5294402,9.7352295,0.17760348,86.789185,1.0,1.0,-0.8660254037844384,-0.5000000000000004,0.0172015754182605,0.9998520419557736,0.4999999999999999,0.8660254037844387,-0.28534463218048556,3.454655284224,3479000,NC,36.215,-81.687,Unregulated,11.91,57.9,15.19,6.99,4.75,NLCD_2021_estimated,2025-09-22,10,Estimated from location and regulation status
2023-01-01 17:00:00,"Watauga River, NC",19743430,3.749999916180968,3.4263384376320003,4.6938658e-05,1080248.0,-0.00011698762,17.0,286.06622,282.48944,93836.81,1.6948395,0.3792572,0.47994554,12.916229,9.339447,938.3681,0.046938658,1.080248,-0.116987616,1.7367547,12.613373,0.31492877,78.857925,1.0,1.0,-0.9659258262890684,-0.2588190451025206,0.0172015754182605,0.9998520419557736,0.4999999999999999,0.8660254037844387,-0.32366147854896754,3.4263384376320003,3479000,NC,36.215,-81.687,Unregulated,11.91,57.9,15.19,6.99,4.75,NLCD_2021_estimated,2025-09-22,10,Estimated from location and regulation status
2023-01-01 18:00:00,"Watauga River, NC",19743430,3.749999916180968,3.39802159104,3.1620264e-05,1188760.0,-0.00010333932,18.0,286.85394,282.43335,93758.94,1.7421722,0.53364563,0.47950864,13.703949,9.283356,937.58936,0.031620264,1.18876,-0.10333932,1.8220707,17.030365,0.39792717,74.62442,1.0,1.0,-1.0,-1.8369701987210294e-16,0.0172015754182605,0.9998520419557736,0.4999999999999999,0.8660254037844387,-0.35197832514096783,3.39802159104,3479000,NC,36.215,-81.687,Unregulated,11.91,57.9,15.19,6.99,4.75,NLCD_2021_estimated,2025-09-22,10,Estimated from location and regulation status
2023-01-01 19:00:00,"Watauga River, NC",19743430,3.749999916180968,3.39802159104,2.3126602e-05,1322452.0,-9.851856e-05,19.0,287.339,282.24,93723.44,1.5582275,0.65693665,0.4788928,14.188995,9.089996,937.2344,0.023126602,1.322452,-0.098518565,1.6910467,22.859924,0.46325803,71.37409,1.0,1.0,-0.9659258262890684,0.2588190451025203,0.0172015754182605,0.9998520419557736,0.4999999999999999,0.8660254037844387,-0.35197832514096783,3.39802159104,3479000,NC,36.215,-81.687,Unregulated,11.91,57.9,15.19,6.99,4.75,NLCD_2021_estimated,2025-09-22,10,Estimated from location and regulation status
2023-01-01 20:00:00,"Watauga River, NC",19743430,3.759999915957451,3.39802159104,2.3722649e-05,1016416.0,-7.846765e-05,20.0,287.71753,281.95947,93725.06,1.4884491,0.7423401,0.47845984,14.567535,8.809479,937.2506,0.023722649,1.016416,-0.07846765,1.6632948,26.506989,0.5250734,68.33933,1.0,1.0,-0.8660254037844386,0.5000000000000001,0.0172015754182605,0.9998520419557736,0.4999999999999999,0.8660254037844387,-0.36197832491745086,3.39802159104,3479000,NC,36.215,-81.687,Unregulated,11.91,57.9,15.19,6.99,4.75,NLCD_2021_estimated,2025-09-22,10,Estimated from location and regulation status
2023-01-01 21:00:00,"Watauga River, NC",19743430,3.7699999157339334,3.39802159104,2.1755695e-06,545884.0,-4.0384242e-05,21.0,287.39844,282.2425,93773.375,1.0129395,0.80981445,0.47806847,14.248444,9.092499,937.73376,0.0021755695,0.545884,-0.04038424,1.29686,38.641266,0.4693073,71.111755,1.0,1.0,-0.7071067811865477,0.7071067811865474,0.0172015754182605,0.9998520419557736,0.4999999999999999,0.8660254037844387,-0.37197832469393344,3.39802159104,3479000,NC,36.215,-81.687,Unregulated,11.91,57.9,15.19,6.99,4.75,NLCD_2021_estimated,2025-09-22,10,Estimated from location and regulation status
2023-01-01 22:00:00,"Watauga River, NC",19743430,3.749999916180968,3.39802159104,2.5629997e-06,258424.0,-1.14294235e-05,22.0,285.49854,282.21075,93837.94,0.7782135,0.56726074,0.47781003,12.348541,9.0607605,938.3794,0.0025629997,0.258424,-0.0114294235,0.9630166,36.089294,0.28234422,80.32617,1.0,1.0,-0.5000000000000004,0.8660254037844384,0.0172015754182605,0.9998520419557736,0.4999999999999999,0.8660254037844387,-0.35197832514096783,3.39802159104,3479000,NC,36.215,-81.687,Unregulated,11.91,57.9,15.19,6.99,4.75,NLCD_2021_estimated,2025-09-22,10,Estimated from location and regulation status
2023-01-01 23:00:00,"Watauga River, NC",19743430,3.729999916628003,3.313071051264,4.5597553e-06,11384.0,8.191913e-06,23.0,283.82184,281.63654,93888.06,0.960083,0.48684692,0.47763896,10.6718445,8.486542,938.8806,0.0045597553,0.011384,0.008191913,1.0764661,26.889038,0.17551255,86.33455,1.0,1.0,-0.2588190451025215,0.965925826289068,0.0172015754182605,0.9998520419557736,0.4999999999999999,0.8660254037844387,-0.4169288653640031,3.313071051264,3479000,NC,36.215,-81.687,Unregulated,11.91,57.9,15.19,6.99,4.75,NLCD_2021_estimated,2025-09-22,10,Estimated from location and regulation status
2023-01-02 00:00:00,"Watauga River, NC",19743430,3.709999917075038,3.313071051264,1.8775463e-06,0.0,9.905547e-06,0.0,283.10693,281.4225,93947.69,0.9256439,-0.055541992,0.47744715,9.95694,8.272491,939.47687,0.0018775463,0.0,0.009905547,0.92730874,356.56616,0.13158238,89.253525,2.0,1.0,0.0,1.0,0.034398060613608,0.9994082116062598,0.4999999999999999,0.8660254037844387,-0.3969288658110379,3.313071051264,3479000,NC,36.215,-81.687,Unregulated,11.91,57.9,15.19,6.99,4.75,NLCD_2021_estimated,2025-09-22,10,Estimated from location and regulation status
2023-01-02 01:00:00,"Watauga River, NC",19743430,3.67999991774559,3.313071051264,5.9604645e-07,0.0,1.1854805e-05,1.0,282.00903,280.7196,93967.25,0.8789673,-0.11540222,0.47724497,8.859039,7.5696106,939.6725,0.00059604645,0.0,0.011854805,0.88651067,352.52026,0.0954479,91.60657,2.0,1.0,0.2588190451025207,0.9659258262890684,0.034398060613608,0.9994082116062598,0.4999999999999999,0.8660254037844387,-0.3669288664815902,3.313071051264,3479000,NC,36.215,-81.687,Unregulated,11.91,57.9,15.19,6.99,4.75,NLCD_2021_estimated,2025-09-22,10,Estimated from location and regulation status
2023-01-02 02:00:00,"Watauga River, NC",19743430,3.669999917969107,3.284754204672,4.172325e-07,0.0,1.6130507e-05,2.0,280.85132,279.7766,94029.19,1.3552246,-0.3244171,0.47704232,7.7013245,6.6266174,940.2919,0.0004172325,0.0,0.016130507,1.3935136,346.53772,0.07468063,92.89528,2.0,1.0,0.4999999999999999,0.8660254037844387,0.034398060613608,0.9994082116062598,0.4999999999999999,0.8660254037844387,-0.385245713297107,3.284754204672,3479000,NC,36.215,-81.687,Unregulated,11.91,57.9,15.19,6.99,4.75,NLCD_2021_estimated,2025-09-22,10,Estimated from location and regulation status
2023-01-02 03:00:00,"Watauga River, NC",19743430,3.689999917522073,3.25643735808,3.874302e-07,0.0,1.847162e-05,3.0,279.09155,278.38452,94064.625,1.2828369,-0.4010315,0.47684526,5.941559,5.2345276,940.64624,0.0003874302,0.0,0.01847162,1.3440598,342.64008,0.04463756,95.20713,2.0,1.0,0.7071067811865475,0.7071067811865476,0.034398060613608,0.9994082116062598,0.4999999999999999,0.8660254037844387,-0.4335625594420729,3.25643735808,3479000,NC,36.215,-81.687,Unregulated,11.91,57.9,15.19,6.99,4.75,NLCD_2021_estimated,2025-09-22,10,Estimated from location and regulation status
2023-01-02 04:00:00,"Watauga River, NC",19743430,3.689999917522073,3.25643735808,1.4901161e-07,0.0,1.1874596e-05,4.0,278.23328,277.52905,94033.25,1.0508881,-0.13764954,0.47665167,5.0832825,4.379059,940.3325,0.00014901161,0.0,0.011874596,1.0598646,352.53766,0.042179346,95.192665,2.0,1.0,0.8660254037844386,0.5000000000000001,0.034398060613608,0.9994082116062598,0.4999999999999999,0.8660254037844387,-0.4335625594420729,3.25643735808,3479000,NC,36.215,-81.687,Unregulated,11.91,57.9,15.19,6.99,4.75,NLCD_2021_estimated,2025-09-22,10,Estimated from location and regulation status
2023-01-02 05:00:00,"Watauga River, NC",19743430,3.689999917522073,3.213962088192,0.0,0.0,1.1057826e-05,5.0,277.59058,276.97888,94041.25,1.1898346,-0.23970032,0.47646284,4.4405823,3.828888,940.4125,0.0,0.0,0.011057826,1.2137392,348.60983,0.035309672,95.790596,2.0,1.0,0.9659258262890684,0.2588190451025207,0.034398060613608,0.9994082116062598,0.4999999999999999,0.8660254037844387,-0.4760378293300729,3.213962088192,3479000,NC,36.215,-81.687,Unregulated,11.91,57.9,15.19,6.99,4.75,NLCD_2021_estimated,2025-09-22,10,Estimated from location and regulation status
2023-01-02 06:00:00,"Watauga River, NC",19743430,3.719999916851521,3.199803664896,2.9802322e-08,0.0,1.3648765e-05,6.0,277.68494,276.9375,94023.81,1.1908264,-0.14578247,0.47627914,4.5349426,3.787506,940.2381,2.9802322e-05,0.0,0.013648765,1.1997167,353.0205,0.0432173,94.88186,2.0,1.0,1.0,6.123233995736766e-17,0.034398060613608,0.9994082116062598,0.4999999999999999,0.8660254037844387,-0.5201962519555208,3.199803664896,3479000,NC,36.215,-81.687,Unregulated,11.91,57.9,15.19,6.99,4.75,NLCD_2021_estimated,2025-09-22,10,Estimated from location and regulation status
2023-01-02 07:00:00,"Watauga River, NC",19743430,3.709999917075038,3.199803664896,0.0,0.0,9.415671e-06,7.0,277.72888,277.00085,94027.19,1.2147827,-0.14404297,0.47610343,4.578888,3.8508606,940.27185,0.0,0.0,0.009415671,1.2232928,353.23773,0.042235136,95.01355,2.0,1.0,0.9659258262890684,-0.2588190451025206,0.034398060613608,0.9994082116062598,0.4999999999999999,0.8660254037844387,-0.5101962521790377,3.199803664896,3479000,NC,36.215,-81.687,Unregulated,11.91,57.9,15.19,6.99,4.75,NLCD_2021_estimated,2025-09-22,10,Estimated from location and regulation status
2023-01-02 08:00:00,"Watauga River, NC",19743430,3.669999917969107,3.199803664896,0.0,0.0,1.241453e-05,8.0,277.1626,276.52795,94034.19,1.1633453,-0.10920715,0.47593117,4.0126038,3.3779602,940.34186,0.0,0.0,0.01241453,1.1684599,354.63718,0.03564757,95.6206,2.0,1.0,0.8660254037844387,-0.4999999999999998,0.034398060613608,0.9994082116062598,0.4999999999999999,0.8660254037844387,-0.470196253073107,3.199803664896,3479000,NC,36.215,-81.687,Unregulated,11.91,57.9,15.19,6.99,4.75,NLCD_2021_estimated,2025-09-22,10,Estimated from location and regulation status
2023-01-02 09:00:00,"Watauga River, NC",19743430,3.659999918192625,3.178566029952,0.0,0.0,1.1653407e-05,9.0,276.2627,275.6129,94055.875,1.1674347,-0.15844727,0.47576356,3.1127014,2.4629211,940.5588,0.0,0.0,0.011653407,1.178138,352.2709,0.03448516,95.485344,2.0,1.0,0.7071067811865476,-0.7071067811865475,0.034398060613608,0.9994082116062598,0.4999999999999999,0.8660254037844387,-0.48143388824062505,3.178566029952,3479000,NC,36.215,-81.687,Unregulated,11.91,57.9,15.19,6.99,4.75,NLCD_2021_estimated,2025-09-22,10,Estimated from location and regulation status
2023-01-02 10:00:00,"Watauga River, NC",19743430,3.6299999188631777,3.1148531251200002,4.7683716e-07,0.0,9.673415e-06,10.0,277.23767,276.51074,94062.25,1.0801086,-0.31713867,0.47560108,4.087677,3.3607483,940.6225,0.00047683716,0.0,0.009673415,1.125705,343.63684,0.040905535,95.00112,2.0,1.0,0.4999999999999999,-0.8660254037844387,0.034398060613608,0.9994082116062598,0.4999999999999999,0.8660254037844387,-0.5151467937431775,3.1148531251200002,3479000,NC,36.215,-81.687,Unregulated,11.91,57.9,15.19,6.99,4.75,NLCD_2021_estimated,2025-09-22,10,Estimated from location and regulation status
2023-01-02 11:00:00,"Watauga River, NC",19743430,3.609999919310212,3.1148531251200002,5.9604645e-08,0.0,8.307863e-06,11.0,277.3758,276.5393,94074.44,1.196991,-0.2978363,0.47544134,4.2257996,3.3893127,940.7444,5.9604645e-05,0.0,0.008307863,1.2334886,346.02737,0.047316432,94.27354,2.0,1.0,0.258819045102521,-0.9659258262890682,0.034398060613608,0.9994082116062598,0.4999999999999999,0.8660254037844387,-0.4951467941902119,3.1148531251200002,3479000,NC,36.215,-81.687,Unregulated,11.91,57.9,15.19,6.99,4.75,NLCD_2021_estimated,2025-09-22,10,Estimated from location and regulation status
2023-01-02 12:00:00,"Watauga River, NC",19743430,3.6199999190866943,3.1148531251200002,1.7881393e-07,0.0,7.1052928e-06,12.0,277.38214,276.40637,94092.375,1.1973267,-0.26538086,0.47528398,4.232147,3.2563782,940.92377,0.00017881393,0.0,0.0071052928,1.2263842,347.50275,0.0549801,93.34901,2.0,1.0,1.2246467991473532e-16,-1.0,0.034398060613608,0.9994082116062598,0.4999999999999999,0.8660254037844387,-0.505146793966694,3.1148531251200002,3479000,NC,36.215,-81.687,Unregulated,11.91,57.9,15.19,6.99,4.75,NLCD_2021_estimated,2025-09-22,10,Estimated from location and regulation status
2023-01-02 13:00:00,"Watauga River, NC",19743430,3.6499999184161425,3.1148531251200002,5.9604645e-07,12780.0,6.003538e-06,13.0,277.59003,276.54883,94141.81,1.2696075,-0.16360474,0.47513497,4.440033,3.3988342,941.41815,0.00059604645,0.01278,0.006003538,1.2801054,352.6572,0.059310377,92.92911,2.0,1.0,-0.2588190451025208,-0.9659258262890684,0.034398060613608,0.9994082116062598,0.4999999999999999,0.8660254037844387,-0.5351467932961422,3.1148531251200002,3479000,NC,36.215,-81.687,Unregulated,11.91,57.9,15.19,6.99,4.75,NLCD_2021_estimated,2025-09-22,10,Estimated from location and regulation status
2023-01-02 14:00:00,"Watauga River, NC",19743430,3.669999917969107,3.1148531251200002,4.4703484e-07,336532.0,-1.1692289e-05,14.0,279.88336,278.4345,94172.875,1.1140747,-0.13342285,0.4749806,6.733368,5.2845154,941.72876,0.00044703484,0.336532,-0.011692289,1.1220356,353.17072,0.09387517,90.45657,2.0,1.0,-0.4999999999999998,-0.8660254037844388,0.034398060613608,0.9994082116062598,0.4999999999999999,0.8660254037844387,-0.555146792849107,3.1148531251200002,3479000,NC,36.215,-81.687,Unregulated,11.91,57.9,15.19,6.99,4.75,NLCD_2021_estimated,2025-09-22,10,Estimated from location and regulation status
2023-01-02 15:00:00,"Watauga River, NC",19743430,3.689999917522073,3.1148531251200002,2.682209e-07,769868.0,-5.2084913e-05,15.0,283.42212,281.1243,94248.94,0.9338684,0.11657715,0.47481441,10.272125,7.974304,942.4894,0.0002682209,0.769868,-0.052084915,0.9411166,7.11557,0.17964244,85.63476,2.0,1.0,-0.7071067811865471,-0.7071067811865479,0.034398060613608,0.9994082116062598,0.4999999999999999,0.8660254037844387,-0.5751467924020726,3.1148531251200002,3479000,NC,36.215,-81.687,Unregulated,11.91,57.9,15.19,6.99,4.75,NLCD_2021_estimated,2025-09-22,10,Estimated from location and regulation status
2023-01-02 16:00:00,"Watauga River, NC",19743430,3.689999917522073,3.1148531251200002,1.4901161e-07,1107944.0,-8.4923115e-05,16.0,285.26733,281.99963,94237.19,0.5300293,0.52301025,0.4745263,12.11734,8.84964,942.3719,0.00014901161,1.107944,-0.08492312,0.74462795,44.618103,0.27700222,80.40244,2.0,1.0,-0.8660254037844384,-0.5000000000000004,0.034398060613608,0.9994082116062598,0.4999999999999999,0.8660254037844387,-0.5751467924020726,3.1148531251200002,3479000,NC,36.215,-81.687,Unregulated,11.91,57.9,15.19,6.99,4.75,NLCD_2021_estimated,2025-09-22,10,Estimated from location and regulation status
2023-01-02 17:00:00,"Watauga River, NC",19743430,3.669999917969107,3.1148531251200002,2.9802322e-08,1378800.0,-0.000113280956,17.0,288.11224,281.69885,94193.375,0.5449829,0.93014526,0.4738481,14.96225,8.548859,941.9338,2.9802322e-05,1.3788,-0.11328095,1.078043,59.633453,0.58766985,65.455696,2.0,1.0,-0.9659258262890684,-0.2588190451025206,0.034398060613608,0.9994082116062598,0.4999999999999999,0.8660254037844387,-0.555146792849107,3.1148531251200002,3479000,NC,36.215,-81.687,Unregulated,11.91,57.9,15.19,6.99,4.75,NLCD_2021_estimated,2025-09-22,10,Estimated from location and regulation status
2023-01-02 18:00:00,"Watauga River, NC",19743430,3.63999991863966,3.1148531251200002,0.0,1507432.0,-0.00010759686,18.0,289.59314,281.0133,94139.125,0.4784088,1.2131805,0.47324514,16.443146,7.863312,941.39124,0.0,1.507432,-0.10759686,1.3041021,68.47858,0.8075739,56.82339,2.0,1.0,-1.0,-1.8369701987210294e-16,0.034398060613608,0.9994082116062598,0.4999999999999999,0.8660254037844387,-0.5251467935196596,3.1148531251200002,3479000,NC,36.215,-81.687,Unregulated,11.91,57.9,15.19,6.99,4.75,NLCD_2021_estimated,2025-09-22,10,Estimated from location and regulation status
2023-01-02 19:00:00,"Watauga River, NC",19743430,3.589999919757247,3.1148531251200002,1.1920929e-07,1122940.0,-9.443308e-05,19.0,290.23572,281.20703,94061.94,0.3153839,1.4047089,0.47269082,17.085724,8.057037,940.6194,0.00011920929,1.12294,-0.094433084,1.4396784,77.345825,0.8713378,55.276592,2.0,1.0,-0.9659258262890684,0.2588190451025203,0.034398060613608,0.9994082116062598,0.4999999999999999,0.8660254037844387,-0.47514679463724674,3.1148531251200002,3479000,NC,36.215,-81.687,Unregulated,11.91,57.9,15.19,6.99,4.75,NLCD_2021_estimated,2025-09-22,10,Estimated from location and regulation status
2023-01-02 20:00:00,"Watauga River, NC",19743430,3.5499999206513166,3.0723778552320002,1.0430813e-06,991688.0,-8.556852e-05,20.0,290.80066,281.75012,94040.25,0.2698059,1.5820923,0.47221804,17.650665,8.600128,940.4025,0.0010430813,0.991688,-0.08556852,1.6049334,80.32202,0.90167403,55.342495,2.0,1.0,-0.8660254037844386,0.5000000000000001,0.034398060613608,0.9994082116062598,0.4999999999999999,0.8660254037844387,-0.4776220654193164,3.0723778552320002,3479000,NC,36.215,-81.687,Unregulated,11.91,57.9,15.19,6.99,4.75,NLCD_2021_estimated,2025-09-22,10,Estimated from location and regulation status
2023-01-02 21:00:00,"Watauga River, NC",19743430,3.519999921321869,3.100694701824,1.4901161e-07,674080.0,-5.4656528e-05,21.0,290.64722,282.53406,94010.31,-0.033432007,1.6998749,0.47189462,17.497223,9.384064,940.10315,0.00014901161,0.67408,-0.054656528,1.7002035,91.12671,0.8214463,58.920216,2.0,1.0,-0.7071067811865477,0.7071067811865474,0.034398060613608,0.9994082116062598,0.4999999999999999,0.8660254037844387,-0.4193052194978688,3.100694701824,3479000,NC,36.215,-81.687,Unregulated,11.91,57.9,15.19,6.99,4.75,NLCD_2021_estimated,2025-09-22,10,Estimated from location and regulation status
2023-01-02 22:00:00,"Watauga River, NC",19743430,3.5099999215453863,3.100694701824,4.172325e-07,254368.0,-1.35011505e-05,22.0,287.92603,282.85535,94043.19,0.1736145,1.4443359,0.4717499,14.7760315,9.705353,940.4319,0.0004172325,0.254368,-0.0135011505,1.4547331,83.14572,0.47698474,71.62344,2.0,1.0,-0.5000000000000004,0.8660254037844384,0.034398060613608,0.9994082116062598,0.4999999999999999,0.8660254037844387,-0.4093052197213862,3.100694701824,3479000,NC,36.215,-81.687,Unregulated,11.91,57.9,15.19,6.99,4.75,NLCD_2021_estimated,2025-09-22,10,Estimated from location and regulation status
2023-01-02 23:00:00,"Watauga River, NC",19743430,3.519999921321869,3.058219431936,1.1324883e-06,11600.0,3.4545083e-06,23.0,287.1186,282.86615,94042.375,0.10760498,1.7678528,0.4716884,13.968597,9.716156,940.42377,0.0011324883,0.0116,0.0034545083,1.7711246,86.516846,0.39054954,75.51951,2.0,1.0,-0.2588190451025215,0.965925826289068,0.034398060613608,0.9994082116062598,0.4999999999999999,0.8660254037844387,-0.4617804893858688,3.058219431936,3479000,NC,36.215,-81.687,Unregulated,11.91,57.9,15.19,6.99,4.75,NLCD_2021_estimated,2025-09-22,10,Estimated from location and regulation status
2023-01-03 00:00:00,"Watauga River, NC",19743430,3.519999921321869,3.0723778552320002,2.0861626e-07,0.0,8.1986655e-06,0.0,285.76343,282.5547,94056.94,0.53778076,1.9409637,0.47162712,12.613434,9.404694,940.5694,0.00020861626,0.0,0.008198665,2.0140874,74.51361,0.2804873,80.79269,3.0,1.0,0.0,1.0,0.0515843668694083,0.9986686402879996,0.4999999999999999,0.8660254037844387,-0.44762206608986865,3.0723778552320002,3479000,NC,36.215,-81.687,Unregulated,11.91,57.9,15.19,6.99,4.75,NLCD_2021_estimated,2025-09-22,10,Estimated from location and regulation status
2023-01-03 01:00:00,"Watauga River, NC",19743430,3.519999921321869,3.058219431936,1.1920929e-07,0.0,1.1517666e-05,1.0,284.29968,282.00586,94066.94,0.49658203,1.7567902,0.4715643,11.149689,8.8558655,940.6694,0.00011920929,0.0,0.011517666,1.8256246,74.21628,0.18890357,85.75209,3.0,1.0,0.2588190451025207,0.9659258262890684,0.0515843668694083,0.9986686402879996,0.4999999999999999,0.8660254037844387,-0.4617804893858688,3.058219431936,3479000,NC,36.215,-81.687,Unregulated,11.91,57.9,15.19,6.99,4.75,NLCD_2021_estimated,2025-09-22,10,Estimated from location and regulation status
2023-01-03 02:00:00,"Watauga River, NC",19743430,3.519999921321869,3.058219431936,0.0,0.0,1.4184043e-05,2.0,283.3462,281.50134,94014.44,0.46347046,1.7298584,0.47149527,10.1961975,8.351349,940.14435,0.0,0.0,0.014184043,1.79087,75.00134,0.14548886,88.30664,3.0,1.0,0.4999999999999999,0.8660254037844387,0.0515843668694083,0.9986686402879996,0.4999999999999999,0.8660254037844387,-0.4617804893858688,3.058219431936,3479000,NC,36.215,-81.687,Unregulated,11.91,57.9,15.19,6.99,4.75,NLCD_2021_estimated,2025-09-22,10,Estimated from location and regulation status
2023-01-03 03:00:00,"Watauga River, NC",19743430,3.5499999206513166,3.058219431936,5.9604645e-08,0.0,1.6598962e-05,3.0,282.5951,281.16785,94062.31,0.8426056,1.4617157,0.47142458,9.445099,8.017853,940.6231,5.9604645e-05,0.0,0.016598962,1.6871861,60.038696,0.10896754,90.78921,3.0,1.0,0.7071067811865475,0.7071067811865476,0.0515843668694083,0.9986686402879996,0.4999999999999999,0.8660254037844387,-0.49178048871531654,3.058219431936,3479000,NC,36.215,-81.687,Unregulated,11.91,57.9,15.19,6.99,4.75,NLCD_2021_estimated,2025-09-22,10,Estimated from location and regulation status
2023-01-03 04:00:00,"Watauga River, NC",19743430,3.569999920204282,3.058219431936,2.9802322e-07,0.0,1.7114216e-05,4.0,282.55286,281.34412,94064.31,0.8188782,1.3663177,0.47135556,9.402863,8.194122,940.6431,0.00029802322,0.0,0.017114216,1.5929173,59.064392,0.09264743,92.14641,3.0,1.0,0.8660254037844386,0.5000000000000001,0.0515843668694083,0.9986686402879996,0.4999999999999999,0.8660254037844387,-0.5117804882682817,3.058219431936,3479000,NC,36.215,-81.687,Unregulated,11.91,57.9,15.19,6.99,4.75,NLCD_2021_estimated,2025-09-22,10,Estimated from location and regulation status
2023-01-03 05:00:00,"Watauga River, NC",19743430,3.5799999199807644,3.058219431936,3.5762787e-07,0.0,1.9380357e-05,5.0,283.23108,281.77246,94037.0,0.86824036,1.5332031,0.47128475,10.081085,8.622467,940.37,0.00035762787,0.0,0.019380357,1.7619742,60.477478,0.11554444,90.641525,3.0,1.0,0.9659258262890684,0.2588190451025207,0.0515843668694083,0.9986686402879996,0.4999999999999999,0.8660254037844387,-0.5217804880447643,3.058219431936,3479000,NC,36.215,-81.687,Unregulated,11.91,57.9,15.19,6.99,4.75,NLCD_2021_estimated,2025-09-22,10,Estimated from location and regulation status
2023-01-03 06:00:00,"Watauga River, NC",19743430,3.5799999199807644,3.015744162048,1.7285347e-06,0.0,2.7209986e-05,6.0,283.0769,281.76025,93995.25,0.9463043,1.7223053,0.47122037,9.92691,8.61026,939.9525,0.0017285347,0.0,0.027209986,1.9651532,61.213806,0.10378051,91.50705,3.0,1.0,1.0,6.123233995736766e-17,0.0515843668694083,0.9986686402879996,0.4999999999999999,0.8660254037844387,-0.5642557579327643,3.015744162048,3479000,NC,36.215,-81.687,Unregulated,11.91,57.9,15.19,6.99,4.75,NLCD_2021_estimated,2025-09-22,10,Estimated from location and regulation status
2023-01-03 07:00:00,"Watauga River, NC",19743430,3.5799999199807644,3.001585738752,4.7683716e-07,0.0,3.1288015e-05,7.0,283.04187,281.81494,93972.19,0.76097107,1.8690643,0.4711467,9.891876,8.6649475,939.72186,0.00047683716,0.0,0.031288013,2.0180383,67.8468,0.09676194,92.0628,3.0,1.0,0.9659258262890684,-0.2588190451025206,0.0515843668694083,0.9986686402879996,0.4999999999999999,0.8660254037844387,-0.5784141812287644,3.001585738752,3479000,NC,36.215,-81.687,Unregulated,11.91,57.9,15.19,6.99,4.75,NLCD_2021_estimated,2025-09-22,10,Estimated from location and regulation status
2023-01-03 08:00:00,"Watauga River, NC",19743430,3.569999920204282,3.001585738752,1.2516975e-06,0.0,3.31006e-05,8.0,282.59705,281.63977,93929.25,0.6614227,2.0182495,0.471084,9.447052,8.489777,939.2925,0.0012516975,0.0,0.0331006,2.123867,71.85492,0.07411349,93.73617,3.0,1.0,0.8660254037844387,-0.4999999999999998,0.0515843668694083,0.9986686402879996,0.4999999999999999,0.8660254037844387,-0.5684141814522818,3.001585738752,3479000,NC,36.215,-81.687,Unregulated,11.91,57.9,15.19,6.99,4.75,NLCD_2021_estimated,2025-09-22,10,Estimated from location and regulation status
2023-01-03 09:00:00,"Watauga River, NC",19743430,3.589999919757247,3.001585738752,4.261732e-06,0.0,3.7775608e-05,9.0,282.49487,281.53772,93918.06,0.565094,2.3785095,0.47103834,9.344879,8.387726,939.1806,0.004261732,0.0,0.037775606,2.4447165,76.635254,0.07365537,93.73191,3.0,1.0,0.7071067811865476,-0.7071067811865475,0.0515843668694083,0.9986686402879996,0.4999999999999999,0.8660254037844387,-0.588414181005247,3.001585738752,3479000,NC,36.215,-81.687,Unregulated,11.91,57.9,15.19,6.99,4.75,NLCD_2021_estimated,2025-09-22,10,Estimated from location and regulation status
2023-01-03 10:00:00,"Watauga River, NC",19743430,3.5999999195337296,3.001585738752,3.993511e-06,0.0,4.2445492e-05,10.0,284.54236,283.41003,93835.94,0.8900299,2.7564087,0.47098386,11.3923645,10.26004,938.3594,0.003993511,0.0,0.042445492,2.8965397,72.10498,0.097821236,92.739716,3.0,1.0,0.4999999999999999,-0.8660254037844387,0.0515843668694083,0.9986686402879996,0.4999999999999999,0.8660254037844387,-0.5984141807817296,3.001585738752,3479000,NC,36.215,-81.687,Unregulated,11.91,57.9,15.19,6.99,4.75,NLCD_2021_estimated,2025-09-22,10,Estimated from location and regulation status
2023-01-03 11:00:00,"Watauga River, NC",19743430,3.589999919757247,3.001585738752,1.847744e-05,0.0,3.963313e-05,11.0,284.81677,283.61975,93790.5,0.48124695,3.3916016,0.471025,11.666779,10.469757,937.905,0.01847744,0.0,0.039633133,3.4255743,81.92401,0.10488558,92.355515,3.0,1.0,0.258819045102521,-0.9659258262890682,0.0515843668694083,0.9986686402879996,0.4999999999999999,0.8660254037844387,-0.588414181005247,3.001585738752,3479000,NC,36.215,-81.687,Unregulated,11.91,57.9,15.19,6.99,4.75,NLCD_2021_estimated,2025-09-22,10,Estimated from location and regulation status
2023-01-03 12:00:00,"Watauga River, NC",19743430,3.589999919757247,3.001585738752,0.00015795231,0.0,3.4190947e-05,12.0,284.89062,283.74542,93777.69,0.6979523,3.6501007,0.47269785,11.740631,10.595428,937.77686,0.15795231,0.0,0.034190945,3.716231,79.174866,0.10092962,92.679665,3.0,1.0,1.2246467991473532e-16,-1.0,0.0515843668694083,0.9986686402879996,0.4999999999999999,0.8660254037844387,-0.588414181005247,3.001585738752,3479000,NC,36.215,-81.687,Unregulated,11.91,57.9,15.19,6.99,4.75,NLCD_2021_estimated,2025-09-22,10,Estimated from location and regulation status
2023-01-03 13:00:00,"Watauga River, NC",19743430,3.569999920204282,3.001585738752,9.050965e-05,5264.0,2.443837e-05,13.0,285.56036,284.28546,93803.06,0.82302856,3.4689178,0.47362423,12.41037,11.135468,938.03064,0.09050965,0.005264,0.02443837,3.5652163,76.65289,0.116389036,91.922874,3.0,1.0,-0.2588190451025208,-0.9659258262890684,0.0515843668694083,0.9986686402879996,0.4999999999999999,0.8660254037844387,-0.5684141814522818,3.001585738752,3479000,NC,36.215,-81.687,Unregulated,11.91,57.9,15.19,6.99,4.75,NLCD_2021_estimated,2025-09-22,10,Estimated from location and regulation status
2023-01-03 14:00:00,"Watauga River, NC",19743430,3.5499999206513166,3.001585738752,0.0001026392,122472.0,-2.4507754e-06,14.0,286.45404,284.8299,93858.81,1.3306427,3.2946777,0.47480345,13.304047,11.679901,938.58813,0.1026392,0.122472,-0.0024507754,3.5532396,68.007385,0.15458858,89.88177,3.0,1.0,-0.4999999999999998,-0.8660254037844388,0.0515843668694083,0.9986686402879996,0.4999999999999999,0.8660254037844387,-0.5484141818993167,3.001585738752,3479000,NC,36.215,-81.687,Unregulated,11.91,57.9,15.19,6.99,4.75,NLCD_2021_estimated,2025-09-22,10,Estimated from location and regulation status
2023-01-03 15:00:00,"Watauga River, NC",19743430,3.539999920874834,3.001585738752,8.881092e-06,341684.0,-4.5485795e-05,15.0,287.919,285.83783,93852.56,1.4004822,3.637741,0.4745803,14.769012,12.687836,938.52563,0.008881092,0.341684,-0.045485795,3.8980136,68.94397,0.21269095,87.34096,3.0,1.0,-0.7071067811865471,-0.7071067811865479,0.0515843668694083,0.9986686402879996,0.4999999999999999,0.8660254037844387,-0.5384141821228341,3.001585738752,3479000,NC,36.215,-81.687,Unregulated,11.91,57.9,15.19,6.99,4.75,NLCD_2021_estimated,2025-09-22,10,Estimated from location and regulation status
2023-01-03 16:00:00,"Watauga River, NC",19743430,3.5599999204277992,3.001585738752,3.0994415e-06,556424.0,-7.119379e-05,16.0,288.52277,285.48175,93809.375,1.1865234,3.8744202,0.47425497,15.372772,12.331757,938.09375,0.0030994415,0.556424,-0.07119379,4.0520325,72.97302,0.31316411,82.07117,3.0,1.0,-0.8660254037844384,-0.5000000000000004,0.0515843668694083,0.9986686402879996,0.4999999999999999,0.8660254037844387,-0.5584141816757993,3.001585738752,3479000,NC,36.215,-81.687,Unregulated,11.91,57.9,15.19,6.99,4.75,NLCD_2021_estimated,2025-09-22,10,Estimated from location and regulation status
2023-01-03 17:00:00,"Watauga River, NC",19743430,3.5799999199807644,3.086536278528,1.847744e-06,671296.0,-6.858609e-05,17.0,289.64374,286.5163,93685.94,0.7644501,4.446869,0.4739406,16.493744,13.3663025,936.8594,0.001847744,0.671296,-0.06858609,4.512098,80.24576,0.34238982,81.75312,3.0,1.0,-0.9659258262890684,-0.2588190451025206,0.0515843668694083,0.9986686402879996,0.4999999999999999,0.8660254037844387,-0.49346364145276445,3.086536278528,3479000,NC,36.215,-81.687,Unregulated,11.91,57.9,15.19,6.99,4.75,NLCD_2021_estimated,2025-09-22,10,Estimated from location and regulation status
2023-01-03 18:00:00,"Watauga River, NC",19743430,3.569999920204282,3.199803664896,5.543232e-06,664448.0,-4.333048e-05,18.0,289.94745,286.92175,93579.44,1.0656738,4.6354523,0.47363675,16.797455,13.771759,935.7944,0.005543232,0.664448,-0.043330483,4.7563725,77.05286,0.33791614,82.33577,3.0,1.0,-1.0,-1.8369701987210294e-16,0.0515843668694083,0.9986686402879996,0.4999999999999999,0.8660254037844387,-0.3701962553082816,3.199803664896,3479000,NC,36.215,-81.687,Unregulated,11.91,57.9,15.19,6.99,4.75,NLCD_2021_estimated,2025-09-22,10,Estimated from location and regulation status
2023-01-03 19:00:00,"Watauga River, NC",19743430,3.5299999210983515,3.2918334163200003,3.6001205e-05,414844.0,-2.5886111e-05,19.0,289.91602,287.34222,93504.5,1.5393982,4.6088104,0.47362077,16.766022,14.19223,935.045,0.036001205,0.414844,-0.025886111,4.8591027,71.53006,0.29052675,84.78267,3.0,1.0,-0.9659258262890684,0.2588190451025203,0.0515843668694083,0.9986686402879996,0.4999999999999999,0.8660254037844387,-0.23816650477835122,3.2918334163200003,3479000,NC,36.215,-81.687,Unregulated,11.91,57.9,15.19,6.99,4.75,NLCD_2021_estimated,2025-09-22,10,Estimated from location and regulation status
2023-01-03 20:00:00,"Watauga River, NC",19743430,3.4999999217689037,3.461734495872,2.6375055e-05,292240.0,-1.2200326e-07,20.0,289.0645,287.30084,93436.94,1.7010345,4.122589,0.47354174,15.91452,14.150848,934.3694,0.026375055,0.29224,-0.00012200326,4.459738,67.57831,0.19406164,89.268776,3.0,1.0,-0.8660254037844386,0.5000000000000001,0.0515843668694083,0.9986686402879996,0.4999999999999999,0.8660254037844387,-0.038265425896903515,3.461734495872,3479000,NC,36.215,-81.687,Unregulated,11.91,57.9,15.19,6.99,4.75,NLCD_2021_estimated,2025-09-22,10,Estimated from location and regulation status
2023-01-03 21:00:00,"Watauga River, NC",19743430,3.4799999222159386,3.659952422016,1.4483929e-05,238932.0,1.1850381e-05,21.0,288.65924,286.92743,93433.94,1.7680817,3.9213257,0.47338796,15.509247,13.777435,934.33936,0.014483929,0.238932,0.011850381,4.3015003,65.72992,0.18640566,89.421196,3.0,1.0,-0.7071067811865477,0.7071067811865474,0.0515843668694083,0.9986686402879996,0.4999999999999999,0.8660254037844387,0.17995249980006145,3.659952422016,3479000,NC,36.215,-81.687,Unregulated,11.91,57.9,15.19,6.99,4.75,NLCD_2021_estimated,2025-09-22,10,Estimated from location and regulation status
2023-01-03 22:00:00,"Watauga River, NC",19743430,3.469999922439456,3.851091136512,1.2844801e-05,123716.0,1.7090468e-05,22.0,288.0432,286.46954,93525.81,2.648178,1.705246,0.47322917,14.893219,13.31955,935.2581,0.012844801,0.123716,0.017090468,3.1497161,32.778778,0.16429043,90.299675,3.0,1.0,-0.5000000000000004,0.8660254037844384,0.0515843668694083,0.9986686402879996,0.4999999999999999,0.8660254037844387,0.3810912140725442,3.851091136512,3479000,NC,36.215,-81.687,Unregulated,11.91,57.9,15.19,6.99,4.75,NLCD_2021_estimated,2025-09-22,10,Estimated from location and regulation status
2023-01-03 23:00:00,"Watauga River, NC",19743430,4.129999907687306,4.042229851008,0.00012713671,3840.0,3.2205367e-05,23.0,287.7873,286.28186,93626.375,2.919693,1.1565552,0.4738587,14.637299,13.131866,936.26373,0.1271367,0.00384,0.032205366,3.1404183,21.60962,0.1551907,90.68444,3.0,1.0,-0.2588190451025215,0.965925826289068,0.0515843668694083,0.9986686402879996,0.4999999999999999,0.8660254037844387,-0.08777005667930649,4.042229851008,3479000,NC,36.215,-81.687,Unregulated,11.91,57.9,15.19,6.99,4.75,NLCD_2021_estimated,2025-09-22,10,Estimated from location and regulation status
2023-01-04 00:00:00,"Watauga River, NC",19743430,4.279999904334545,4.148418025728001,0.00039094687,0.0,3.2723416e-05,0.0,287.52313,286.10455,93622.31,2.5261383,0.9985199,0.47670853,14.373138,12.954559,936.22314,0.39094687,0.0,0.032723416,2.716324,21.567657,0.14440322,91.18271,4.0,1.0,0.0,1.0,0.0687554084811394,0.9976335468520452,0.4999999999999999,0.8660254037844387,-0.13158187860654458,4.148418025728001,3479000,NC,36.215,-81.687,Unregulated,11.91,57.9,15.19,6.99,4.75,NLCD_2021_estimated,2025-09-22,10,Estimated from location and regulation status
2023-01-04 01:00:00,"Watauga River, NC",19743430,4.619999896734953,4.162576449024,0.0011173189,0.0,3.2384414e-05,1.0,287.0099,285.6776,93595.19,1.830307,1.7617035,0.48849678,13.859894,12.527618,935.9519,1.1173189,0.0,0.032384414,2.5403981,43.905853,0.1320157,91.66634,4.0,1.0,0.2588190451025207,0.9659258262890684,0.0687554084811394,0.9976335468520452,0.4999999999999999,0.8660254037844387,-0.4574234477109531,4.162576449024,3479000,NC,36.215,-81.687,Unregulated,11.91,57.9,15.19,6.99,4.75,NLCD_2021_estimated,2025-09-22,10,Estimated from location and regulation status
2023-01-04 02:00:00,"Watauga River, NC",19743430,4.729999894276261,4.148418025728001,0.0011201203,0.0,3.262167e-05,2.0,285.92358,284.8651,93600.56,0.90457153,2.704895,0.4941008,12.77359,11.715118,936.0056,1.1201203,0.0,0.032621667,2.8521407,71.50903,0.099298954,93.27121,4.0,1.0,0.4999999999999999,0.8660254037844387,0.0687554084811394,0.9976335468520452,0.4999999999999999,0.8660254037844387,-0.5815818685482608,4.148418025728001,3479000,NC,36.215,-81.687,Unregulated,11.91,57.9,15.19,6.99,4.75,NLCD_2021_estimated,2025-09-22,10,Estimated from location and regulation status
2023-01-04 03:00:00,"Watauga River, NC",19743430,4.719999894499779,4.10594275584,0.001162976,0.0,3.0443072e-05,3.0,285.34167,284.22803,93544.875,-0.12327576,2.7741394,0.49979925,12.191681,11.078033,935.4487,1.162976,0.0,0.030443072,2.7768772,92.5444,0.1008513,92.89974,4.0,1.0,0.7071067811865475,0.7071067811865476,0.0687554084811394,0.9976335468520452,0.4999999999999999,0.8660254037844387,-0.6140571386597786,4.10594275584,3479000,NC,36.215,-81.687,Unregulated,11.91,57.9,15.19,6.99,4.75,NLCD_2021_estimated,2025-09-22,10,Estimated from location and regulation status
2023-01-04 04:00:00,"Watauga River, NC",19743430,4.669999895617366,4.042229851008,0.0006980002,0.0,3.2556243e-05,4.0,285.00342,283.90637,93470.19,0.08024597,2.352066,0.4959172,11.853424,10.756378,934.7019,0.6980002,0.0,0.032556243,2.3534346,88.04599,0.09745848,92.98389,4.0,1.0,0.8660254037844386,0.5000000000000001,0.0687554084811394,0.9976335468520452,0.4999999999999999,0.8660254037844387,-0.6277700446093659,4.042229851008,3479000,NC,36.215,-81.687,Unregulated,11.91,57.9,15.19,6.99,4.75,NLCD_2021_estimated,2025-09-22,10,Estimated from location and regulation status
2023-01-04 05:00:00,"Watauga River, NC",19743430,4.489999899640679,4.006833792768,0.00012394786,0.0,3.5114354e-05,5.0,284.46375,283.599,93470.0,0.88201904,2.3407898,0.49041092,11.313751,10.449005,934.7,0.12394786,0.0,0.035114355,2.5014503,69.35339,0.074941754,94.40877,4.0,1.0,0.9659258262890684,0.2588190451025207,0.0687554084811394,0.9976335468520452,0.4999999999999999,0.8660254037844387,-0.48316610687267936,4.006833792768,3479000,NC,36.215,-81.687,Unregulated,11.91,57.9,15.19,6.99,4.75,NLCD_2021_estimated,2025-09-22,10,Estimated from location and regulation status
2023-01-04 06:00:00,"Watauga River, NC",19743430,4.2699999045580626,4.020992216064,0.000106573105,0.0,3.48459e-05,6.0,284.49658,283.71118,93487.75,1.334137,2.7069702,0.49026895,11.346588,10.561188,934.8775,0.106573105,0.0,0.0348459,3.0178814,63.76349,0.068353415,94.9114,4.0,1.0,1.0,6.123233995736766e-17,0.0687554084811394,0.9976335468520452,0.4999999999999999,0.8660254037844387,-0.2490076884940624,4.020992216064,3479000,NC,36.215,-81.687,Unregulated,11.91,57.9,15.19,6.99,4.75,NLCD_2021_estimated,2025-09-22,10,Estimated from location and regulation status
2023-01-04 07:00:00,"Watauga River, NC",19743430,4.069999909028411,4.056388274304,4.4465065e-05,0.0,1.301826e-05,7.0,284.4171,283.67603,93465.125,1.1323853,2.525467,0.48916924,11.26712,10.5260315,934.65125,0.044465065,0.0,0.01301826,2.767721,65.84918,0.06428099,95.18929,4.0,1.0,0.9659258262890684,-0.2588190451025206,0.0687554084811394,0.9976335468520452,0.4999999999999999,0.8660254037844387,-0.013611634724410848,4.056388274304,3479000,NC,36.215,-81.687,Unregulated,11.91,57.9,15.19,6.99,4.75,NLCD_2021_estimated,2025-09-22,10,Estimated from location and regulation status
2023-01-04 08:00:00,"Watauga River, NC",19743430,3.899999912828207,4.325398316928,6.0260296e-05,0.0,1.1984259e-05,8.0,284.662,283.75647,93411.75,0.857193,2.080902,0.48848832,11.511993,10.606476,934.1175,0.060260296,0.0,0.011984259,2.2505407,67.6116,0.079295754,94.16112,4.0,1.0,0.8660254037844387,-0.4999999999999998,0.0687554084811394,0.9976335468520452,0.4999999999999999,0.8660254037844387,0.4253984040997931,4.325398316928,3479000,NC,36.215,-81.687,Unregulated,11.91,57.9,15.19,6.99,4.75,NLCD_2021_estimated,2025-09-22,10,Estimated from location and regulation status
2023-01-04 09:00:00,"Watauga River, NC",19743430,3.7699999157339334,4.905893672064,0.0005220175,0.0,1.3310229e-05,9.0,284.63293,283.98828,93395.0,0.8149719,1.9553986,0.49441397,11.482941,10.838287,933.95,0.5220175,0.0,0.013310229,2.1184342,67.37457,0.056784034,95.8107,4.0,1.0,0.7071067811865476,-0.7071067811865475,0.0687554084811394,0.9976335468520452,0.4999999999999999,0.8660254037844387,1.1358937563300664,4.905893672064,3479000,NC,36.215,-81.687,Unregulated,11.91,57.9,15.19,6.99,4.75,NLCD_2021_estimated,2025-09-22,10,Estimated from location and regulation status
2023-01-04 10:00:00,"Watauga River, NC",19743430,3.67999991774559,6.165993345408,0.0013032854,0.0,1.5145633e-05,10.0,284.70325,284.0714,93288.69,-0.66612244,1.0363007,0.5086657,11.553253,10.921417,932.8869,1.3032854,0.0,0.015145633,1.2319247,122.73245,0.055904508,95.894745,4.0,1.0,0.4999999999999999,-0.8660254037844387,0.0687554084811394,0.9976335468520452,0.4999999999999999,0.8660254037844387,2.48599342766241,6.165993345408,3479000,NC,36.215,-81.687,Unregulated,11.91,57.9,15.19,6.99,4.75,NLCD_2021_estimated,2025-09-22,10,Estimated from location and regulation status
2023-01-04 11:00:00,"Watauga River, NC",19743430,3.709999917075038,8.643717422208,0.00061157346,0.0,1.601968e-05,11.0,284.62146,283.9353,93365.125,0.41056824,1.969284,0.4853984,11.471466,10.785309,933.65125,0.61157346,0.0,0.01601968,2.0116277,78.22333,0.060326934,95.54594,4.0,1.0,0.258819045102521,-0.9659258262890682,0.0687554084811394,0.9976335468520452,0.4999999999999999,0.8660254037844387,4.933717505132963,8.643717422208,3479000,NC,36.215,-81.687,Unregulated,11.91,57.9,15.19,6.99,4.75,NLCD_2021_estimated,2025-09-22,10,Estimated from location and regulation status
2023-01-04 12:00:00,"Watauga River, NC",19743430,4.589999897405505,10.463074815744001,0.00030365586,0.0,2.62002e-05,12.0,284.93005,284.23706,93419.31,0.7507324,1.724472,0.47146928,11.78006,11.087067,934.1931,0.30365586,0.0,0.0262002,1.8807985,66.47455,0.062021136,95.51336,4.0,1.0,1.2246467991473532e-16,-1.0,0.0687554084811394,0.9976335468520452,0.4999999999999999,0.8660254037844387,5.873074918338496,10.463074815744001,3479000,NC,36.215,-81.687,Unregulated,11.91,57.9,15.19,6.99,4.75,NLCD_2021_estimated,2025-09-22,10,Estimated from location and regulation status
2023-01-04 13:00:00,"Watauga River, NC",19743430,7.00999984331429,11.093124652416,0.0002784133,3636.0,3.584777e-05,13.0,285.40735,284.71326,93390.5,0.4737091,1.46492,0.47403502,12.257355,11.563263,933.905,0.2784133,0.003636,0.03584777,1.5396074,72.080414,0.063863635,95.52319,4.0,1.0,-0.2588190451025208,-0.9659258262890684,0.0687554084811394,0.9976335468520452,0.4999999999999999,0.8660254037844387,4.08312480910171,11.093124652416,3479000,NC,36.215,-81.687,Unregulated,11.91,57.9,15.19,6.99,4.75,NLCD_2021_estimated,2025-09-22,10,Estimated from location and regulation status
2023-01-04 14:00:00,"Watauga River, NC",19743430,8.989999799057841,11.581590256128,0.00082305074,70672.0,3.0908966e-05,14.0,286.09155,285.22864,93365.94,0.058517456,2.3106842,0.4828812,12.941559,12.078644,933.65936,0.82305074,0.070672,0.030908966,2.311425,88.54932,0.082201004,94.49075,4.0,1.0,-0.4999999999999998,-0.8660254037844388,0.0687554084811394,0.9976335468520452,0.4999999999999999,0.8660254037844387,2.5915904570701596,11.581590256128,3479000,NC,36.215,-81.687,Unregulated,11.91,57.9,15.19,6.99,4.75,NLCD_2021_estimated,2025-09-22,10,Estimated from location and regulation status
2023-01-04 15:00:00,"Watauga River, NC",19743430,10.559999763965608,12.006342955008,0.0013634562,138668.0,1.0681804e-05,15.0,286.84735,285.79944,93373.625,-1.0980988,2.3330994,0.48823845,13.697357,12.649445,933.73627,1.3634562,0.138668,0.010681804,2.5785992,115.20453,0.103708625,93.38372,4.0,1.0,-0.7071067811865471,-0.7071067811865479,0.0687554084811394,0.9976335468520452,0.4999999999999999,0.8660254037844387,1.4463431910423914,12.006342955008,3479000,NC,36.215,-81.687,Unregulated,11.91,57.9,15.19,6.99,4.75,NLCD_2021_estimated,2025-09-22,10,Estimated from location and regulation status
2023-01-04 16:00:00,"Watauga River, NC",19743430,10.859999757260084,12.218719304448001,0.0017273128,227680.0,-1.0003336e-05,16.0,286.68695,285.56183,93322.375,-0.9751129,2.8811798,0.4766301,13.536957,12.411835,933.22375,1.7273128,0.22768,-0.010003336,3.0417168,108.698,0.11008775,92.903046,4.0,1.0,-0.8660254037844384,-0.5000000000000004,0.0687554084811394,0.9976335468520452,0.4999999999999999,0.8660254037844387,1.358719547187917,12.218719304448001,3479000,NC,36.215,-81.687,Unregulated,11.91,57.9,15.19,6.99,4.75,NLCD_2021_estimated,2025-09-22,10,Estimated from location and regulation status
2023-01-04 17:00:00,"Watauga River, NC",19743430,10.469999765977263,12.289511420928001,0.0014039278,282008.0,-2.162112e-05,17.0,287.2392,285.7917,93241.125,-0.5466156,4.0796814,0.45853734,14.089203,12.641693,932.41125,1.4039278,0.282008,-0.02162112,4.1161375,97.63132,0.14485729,90.99081,4.0,1.0,-0.9659258262890684,-0.2588190451025206,0.0687554084811394,0.9976335468520452,0.4999999999999999,0.8660254037844387,1.8195116549507375,12.289511420928001,3479000,NC,36.215,-81.687,Unregulated,11.91,57.9,15.19,6.99,4.75,NLCD_2021_estimated,2025-09-22,10,Estimated from location and regulation status
2023-01-04 18:00:00,"Watauga River, NC",19743430,9.519999787211418,12.147927187968,0.001894623,401592.0,-4.120008e-05,18.0,287.78644,286.1283,93136.94,0.23266602,4.137909,0.46809828,14.636444,12.978302,931.3694,1.894623,0.401592,-0.04120008,4.144445,86.78177,0.17019188,89.78341,4.0,1.0,-1.0,-1.8369701987210294e-16,0.0687554084811394,0.9976335468520452,0.4999999999999999,0.8660254037844387,2.6279274007565814,12.147927187968,3479000,NC,36.215,-81.687,Unregulated,11.91,57.9,15.19,6.99,4.75,NLCD_2021_estimated,2025-09-22,10,Estimated from location and regulation status
2023-01-04 19:00:00,"Watauga River, NC",19743430,8.809999803081155,11.440006023168001,0.00010514259,602100.0,-8.220738e-05,19.0,287.8907,286.51306,93090.25,0.97428894,4.4036255,0.45293736,14.740692,13.363068,930.9025,0.10514259,0.6021,-0.08220738,4.510117,77.524445,0.14336872,91.45131,4.0,1.0,-0.9659258262890684,0.2588190451025203,0.0687554084811394,0.9976335468520452,0.4999999999999999,0.8660254037844387,2.6300062200868464,11.440006023168001,3479000,NC,36.215,-81.687,Unregulated,11.91,57.9,15.19,6.99,4.75,NLCD_2021_estimated,2025-09-22,10,Estimated from location and regulation status
2023-01-04 20:00:00,"Watauga River, NC",19743430,7.679999828338623,10.894906726272,0.00026902556,445996.0,-8.9028385e-05,20.0,287.71545,286.25696,93065.5,1.3590088,4.25029,0.45209336,14.56546,13.106964,930.655,0.26902556,0.445996,-0.08902839,4.4622717,72.268585,0.14993584,90.958015,4.0,1.0,-0.8660254037844386,0.5000000000000001,0.0687554084811394,0.9976335468520452,0.4999999999999999,0.8660254037844387,3.2149068979333766,10.894906726272,3479000,NC,36.215,-81.687,Unregulated,11.91,57.9,15.19,6.99,4.75,NLCD_2021_estimated,2025-09-22,10,Estimated from location and regulation status
2023-01-04 21:00:00,"Watauga River, NC",19743430,6.459999855607748,10.498470873984001,0.00021520257,248208.0,-3.948249e-05,21.0,287.5343,285.45374,93065.625,1.7122955,3.9585876,0.45535672,14.384308,12.303741,930.65625,0.21520257,0.248208,-0.03948249,4.3130465,66.60901,0.20800841,87.308136,4.0,1.0,-0.7071067811865477,0.7071067811865474,0.0687554084811394,0.9976335468520452,0.4999999999999999,0.8660254037844387,4.038471018376253,10.498470873984001,3479000,NC,36.215,-81.687,Unregulated,11.91,57.9,15.19,6.99,4.75,NLCD_2021_estimated,2025-09-22,10,Estimated from location and regulation status
2023-01-04 22:00:00,"Watauga River, NC",19743430,5.579999875277281,10.151589503232,0.00021114945,95292.0,-5.8959704e-06,22.0,287.78748,286.06018,93153.94,1.444458,3.392105,0.45797586,14.637482,12.910187,931.53937,0.21114945,0.095292,-0.0058959704,3.6868465,66.934265,0.1769557,89.37809,4.0,1.0,-0.5000000000000004,0.8660254037844384,0.0687554084811394,0.9976335468520452,0.4999999999999999,0.8660254037844387,4.571589627954719,10.151589503232,3479000,NC,36.215,-81.687,Unregulated,11.91,57.9,15.19,6.99,4.75,NLCD_2021_estimated,2025-09-22,10,Estimated from location and regulation status
2023-01-04 23:00:00,"Watauga River, NC",19743430,5.049999887123704,9.861341825664,8.4728e-05,6312.0,7.704599e-06,23.0,287.6289,285.9541,93201.44,1.450882,3.033615,0.4593891,14.478912,12.804108,932.0144,0.084728,0.006312,0.007704599,3.362719,64.4397,0.17028391,89.67332,4.0,1.0,-0.2588190451025215,0.965925826289068,0.0687554084811394,0.9976335468520452,0.4999999999999999,0.8660254037844387,4.811341938540297,9.861341825664,3479000,NC,36.215,-81.687,Unregulated,11.91,57.9,15.19,6.99,4.75,NLCD_2021_estimated,2025-09-22,10,Estimated from location and regulation status
2023-01-05 00:00:00,"Watauga River, NC",19743430,4.769999893382192,9.542777301504,1.0758638e-05,0.0,1.0872493e-05,0.0,287.0011,285.43726,93215.25,1.6006622,2.5428314,0.46008658,13.851105,12.287262,932.1525,0.010758638,0.0,0.010872493,3.0046813,57.810394,0.15387058,90.28119,5.0,1.0,0.0,1.0,0.0859061042613327,0.9963032375991964,0.4999999999999999,0.8660254037844387,4.772777408121808,9.542777301504,3479000,NC,36.215,-81.687,Unregulated,11.91,57.9,15.19,6.99,4.75,NLCD_2021_estimated,2025-09-22,10,Estimated from location and regulation status
2023-01-05 01:00:00,"Watauga River, NC",19743430,4.60999989695847,9.23837120064,3.695488e-06,0.0,1.6471604e-05,1.0,286.57605,285.23413,93311.125,2.4226837,1.8907928,0.4607154,13.426056,12.084137,933.11127,0.003695488,0.0,0.016471604,3.0731895,37.970398,0.12966359,91.58044,5.0,1.0,0.2588190451025207,0.9659258262890684,0.0859061042613327,0.9963032375991964,0.4999999999999999,0.8660254037844387,4.628371303681529,9.23837120064,3479000,NC,36.215,-81.687,Unregulated,11.91,57.9,15.19,6.99,4.75,NLCD_2021_estimated,2025-09-22,10,Estimated from location and regulation status
2023-01-05 02:00:00,"Watauga River, NC",19743430,4.5099998991936445,9.004757216256,1.5199184e-06,0.0,7.091323e-06,2.0,285.57068,283.54272,93341.69,2.6406097,0.8420868,0.46123767,12.420685,10.392731,933.4169,0.0015199184,0.0,0.007091323,2.7716296,17.687408,0.18129265,87.42724,5.0,1.0,0.4999999999999999,0.8660254037844387,0.0859061042613327,0.9963032375991964,0.4999999999999999,0.8660254037844387,4.494757317062355,9.004757216256,3479000,NC,36.215,-81.687,Unregulated,11.91,57.9,15.19,6.99,4.75,NLCD_2021_estimated,2025-09-22,10,Estimated from location and regulation status
2023-01-05 03:00:00,"Watauga River, NC",19743430,4.429999900981784,8.771143231872001,0.0,0.0,8.8312663e-07,3.0,283.4165,281.08826,93370.94,2.6071777,0.18388367,0.46175814,10.26651,7.938263,933.70935,0.0,0.0,0.00088312663,2.6136544,4.034363,0.18179917,85.45683,5.0,1.0,0.7071067811865475,0.7071067811865476,0.0859061042613327,0.9963032375991964,0.4999999999999999,0.8660254037844387,4.341143330890217,8.771143231872001,3479000,NC,36.215,-81.687,Unregulated,11.91,57.9,15.19,6.99,4.75,NLCD_2021_estimated,2025-09-22,10,Estimated from location and regulation status
2023-01-05 04:00:00,"Watauga River, NC",19743430,4.369999902322888,8.551687670784,0.0,0.0,-1.0740245e-05,4.0,282.41418,279.69714,93400.875,2.7824402,-0.157547,0.46218967,9.264191,6.5471497,934.0087,0.0,0.0,-0.010740245,2.786897,356.75928,0.1975838,83.09389,5.0,1.0,0.8660254037844386,0.5000000000000001,0.0859061042613327,0.9963032375991964,0.4999999999999999,0.8660254037844387,4.181687768461112,8.551687670784,3479000,NC,36.215,-81.687,Unregulated,11.91,57.9,15.19,6.99,4.75,NLCD_2021_estimated,2025-09-22,10,Estimated from location and regulation status
2023-01-05 05:00:00,"Watauga River, NC",19743430,4.329999903216958,8.35346974464,0.0,0.0,-1.770421e-05,5.0,280.99817,277.65942,93419.625,2.8842316,-0.58210754,0.46253228,7.848175,4.50943,934.1962,0.0,0.0,-0.01770421,2.9423869,348.5896,0.21883965,79.38832,5.0,1.0,0.9659258262890684,0.2588190451025207,0.0859061042613327,0.9963032375991964,0.4999999999999999,0.8660254037844387,4.023469841423042,8.35346974464,3479000,NC,36.215,-81.687,Unregulated,11.91,57.9,15.19,6.99,4.75,NLCD_2021_estimated,2025-09-22,10,Estimated from location and regulation status
2023-01-05 06:00:00,"Watauga River, NC",19743430,4.29999990388751,8.155251818496,0.0,0.0,-1.5480211e-05,6.0,280.96393,276.77673,93394.5,2.6368408,-0.8597717,0.46283412,7.8139343,3.6267395,933.945,0.0,0.0,-0.015480211,2.7734702,341.94086,0.2671085,74.78324,5.0,1.0,1.0,6.123233995736766e-17,0.0859061042613327,0.9963032375991964,0.4999999999999999,0.8660254037844387,3.8552519146084894,8.155251818496,3479000,NC,36.215,-81.687,Unregulated,11.91,57.9,15.19,6.99,4.75,NLCD_2021_estimated,2025-09-22,10,Estimated from location and regulation status
2023-01-05 07:00:00,"Watauga River, NC",19743430,4.289999904111028,8.013667585536,0.0,0.0,-1.6084174e-05,7.0,280.29956,276.04016,93431.875,2.46344,-0.7473755,0.46310627,7.1495667,2.8901672,934.3187,0.0,0.0,-0.016084174,2.5743167,343.1229,0.26031452,74.282166,5.0,1.0,0.9659258262890684,-0.2588190451025206,0.0859061042613327,0.9963032375991964,0.4999999999999999,0.8660254037844387,3.7236676814249723,8.013667585536,3479000,NC,36.215,-81.687,Unregulated,11.91,57.9,15.19,6.99,4.75,NLCD_2021_estimated,2025-09-22,10,Estimated from location and regulation status
2023-01-05 08:00:00,"Watauga River, NC",19743430,4.279999904334545,7.872083352576,0.0,0.0,-5.4780394e-06,8.0,279.74396,275.8485,93465.5,2.1792908,-0.61816406,0.4633466,6.5939636,2.6985168,934.655,0.0,0.0,-0.0054780394,2.2652671,344.16382,0.23256123,76.1296,5.0,1.0,0.8660254037844387,-0.4999999999999998,0.0859061042613327,0.9963032375991964,0.4999999999999999,0.8660254037844387,3.592083448241455,7.872083352576,3479000,NC,36.215,-81.687,Unregulated,11.91,57.9,15.19,6.99,4.75,NLCD_2021_estimated,2025-09-22,10,Estimated from location and regulation status
2023-01-05 09:00:00,"Watauga River, NC",19743430,4.229999905452132,7.730499119616,0.0,0.0,-1.1543743e-06,9.0,278.726,275.39587,93494.5,1.8829498,-0.6569824,0.46356666,5.5760193,2.2458801,934.945,0.0,0.0,-0.0011543743,1.9942733,340.76553,0.18985832,79.090805,5.0,1.0,0.7071067811865476,-0.7071067811865475,0.0859061042613327,0.9963032375991964,0.4999999999999999,0.8660254037844387,3.5004992141638676,7.730499119616,3479000,NC,36.215,-81.687,Unregulated,11.91,57.9,15.19,6.99,4.75,NLCD_2021_estimated,2025-09-22,10,Estimated from location and regulation status
2023-01-05 10:00:00,"Watauga River, NC",19743430,4.179999906569719,7.617231733248,0.0,0.0,-1.3788231e-06,10.0,276.65784,274.41943,93481.19,1.9829407,-0.5304718,0.46376836,3.507843,1.2694397,934.8119,0.0,0.0,-0.0013788231,2.05267,345.02307,0.1159274,85.24189,5.0,1.0,0.4999999999999999,-0.8660254037844387,0.0859061042613327,0.9963032375991964,0.4999999999999999,0.8660254037844387,3.437231826678281,7.617231733248,3479000,NC,36.215,-81.687,Unregulated,11.91,57.9,15.19,6.99,4.75,NLCD_2021_estimated,2025-09-22,10,Estimated from location and regulation status
2023-01-05 11:00:00,"Watauga River, NC",19743430,4.109999908134341,7.475647500288,0.0,0.0,-1.9269064e-06,11.0,276.746,274.6129,93508.625,1.5643768,-0.54797363,0.4639536,3.5960083,1.4629211,935.08624,0.0,0.0,-0.0019269064,1.6575736,340.69556,0.11144924,85.90008,5.0,1.0,0.258819045102521,-0.9659258262890682,0.0859061042613327,0.9963032375991964,0.4999999999999999,0.8660254037844387,3.3656475921536586,7.475647500288,3479000,NC,36.215,-81.687,Unregulated,11.91,57.9,15.19,6.99,4.75,NLCD_2021_estimated,2025-09-22,10,Estimated from location and regulation status
2023-01-05 12:00:00,"Watauga River, NC",19743430,4.009999910369515,7.355300902272,0.0,0.0,-2.068933e-06,12.0,276.78595,274.63885,93540.625,1.5657501,-0.39953613,0.46411693,3.6359558,1.4888611,935.40625,0.0,0.0,-0.002068933,1.6159216,345.68518,0.11241478,85.81798,5.0,1.0,1.2246467991473532e-16,-1.0,0.0859061042613327,0.9963032375991964,0.4999999999999999,0.8660254037844387,3.3453009919024845,7.355300902272,3479000,NC,36.215,-81.687,Unregulated,11.91,57.9,15.19,6.99,4.75,NLCD_2021_estimated,2025-09-22,10,Estimated from location and regulation status
2023-01-05 13:00:00,"Watauga River, NC",19743430,3.939999911934138,7.249112727552,0.0,14400.0,-1.7941929e-06,13.0,276.466,274.65436,93580.19,1.4638977,-0.3950348,0.4642669,3.3160095,1.504364,935.8019,0.0,0.0144,-0.0017941929,1.5162616,344.89838,0.09392989,87.87892,5.0,1.0,-0.2588190451025208,-0.9659258262890684,0.0859061042613327,0.9963032375991964,0.4999999999999999,0.8660254037844387,3.3091128156178624,7.249112727552,3479000,NC,36.215,-81.687,Unregulated,11.91,57.9,15.19,6.99,4.75,NLCD_2021_estimated,2025-09-22,10,Estimated from location and regulation status
2023-01-05 14:00:00,"Watauga River, NC",19743430,3.899999912828207,7.164162187776,0.0,385396.0,-3.241026e-05,14.0,278.39716,276.34448,93586.875,1.4374237,-0.20106506,0.46438074,5.247162,3.1944885,935.8688,0.0,0.385396,-0.032410257,1.4514179,352.0372,0.11918616,86.570206,5.0,1.0,-0.4999999999999998,-0.8660254037844388,0.0859061042613327,0.9963032375991964,0.4999999999999999,0.8660254037844387,3.264162274947793,7.164162187776,3479000,NC,36.215,-81.687,Unregulated,11.91,57.9,15.19,6.99,4.75,NLCD_2021_estimated,2025-09-22,10,Estimated from location and regulation status
2023-01-05 15:00:00,"Watauga River, NC",19743430,3.9099999126046896,7.065053224704,0.0,951248.0,-9.620027e-05,15.0,282.44183,277.45215,93642.875,1.1616669,0.51319885,0.4644109,9.29184,4.3021545,936.4288,0.0,0.951248,-0.096200265,1.2699776,23.834778,0.3401726,70.94758,5.0,1.0,-0.7071067811865471,-0.7071067811865479,0.0859061042613327,0.9963032375991964,0.4999999999999999,0.8660254037844387,3.1550533120993105,7.065053224704,3479000,NC,36.215,-81.687,Unregulated,11.91,57.9,15.19,6.99,4.75,NLCD_2021_estimated,2025-09-22,10,Estimated from location and regulation status
2023-01-05 16:00:00,"Watauga River, NC",19743430,3.899999912828207,7.022577954816001,0.0,1456016.0,-0.00013663061,16.0,284.4477,276.39417,93641.375,1.4776459,1.3915863,0.46401107,11.297699,3.2441711,936.41376,0.0,1.456016,-0.13663061,2.0297658,43.281982,0.5679192,57.583714,5.0,1.0,-0.8660254037844384,-0.5000000000000004,0.0859061042613327,0.9963032375991964,0.4999999999999999,0.8660254037844387,3.1225780419877935,7.022577954816001,3479000,NC,36.215,-81.687,Unregulated,11.91,57.9,15.19,6.99,4.75,NLCD_2021_estimated,2025-09-22,10,Estimated from location and regulation status
2023-01-05 17:00:00,"Watauga River, NC",19743430,3.8599999137222767,6.909310568448,0.0,1828712.0,-0.00013023452,17.0,286.0913,274.24133,93536.44,2.5916138,1.6648865,0.46350503,12.941315,1.0913391,935.3644,0.0,1.828712,-0.13023452,3.0803099,32.717224,0.83098036,44.305424,5.0,1.0,-0.9659258262890684,-0.2588190451025206,0.0859061042613327,0.9963032375991964,0.4999999999999999,0.8660254037844387,3.0493106547257236,6.909310568448,3479000,NC,36.215,-81.687,Unregulated,11.91,57.9,15.19,6.99,4.75,NLCD_2021_estimated,2025-09-22,10,Estimated from location and regulation status
2023-01-05 18:00:00,"Watauga River, NC",19743430,3.779999915510416,6.824360028672,0.0,1885960.0,-0.00013394398,18.0,286.45972,272.93274,93448.75,3.444275,1.1165161,0.46288812,13.309723,-0.21725464,934.4875,0.0,1.88596,-0.13394397,3.6207235,17.960907,0.92717737,39.336224,5.0,1.0,-1.0,-1.8369701987210294e-16,0.0859061042613327,0.9963032375991964,0.4999999999999999,0.8660254037844387,3.0443601131615843,6.824360028672,3479000,NC,36.215,-81.687,Unregulated,11.91,57.9,15.19,6.99,4.75,NLCD_2021_estimated,2025-09-22,10,Estimated from location and regulation status
2023-01-05 19:00:00,"Watauga River, NC",19743430,3.719999916851521,6.7535679121920005,0.0,1806776.0,-0.00014682068,19.0,286.62195,271.65234,93365.69,3.7952423,0.7699127,0.46221733,13.471954,-1.4976501,933.65686,0.0,1.806776,-0.14682068,3.872548,11.46756,0.9972951,35.435192,5.0,1.0,-0.9659258262890684,0.2588190451025203,0.0859061042613327,0.9963032375991964,0.4999999999999999,0.8660254037844387,3.0335679953404795,6.7535679121920005,3479000,NC,36.215,-81.687,Unregulated,11.91,57.9,15.19,6.99,4.75,NLCD_2021_estimated,2025-09-22,10,Estimated from location and regulation status
2023-01-05 20:00:00,"Watauga River, NC",19743430,3.669999917969107,6.65445894912,0.0,1409968.0,-0.00013216701,20.0,286.4336,270.4187,93354.44,3.6248016,0.9006653,0.46165073,13.2836,-2.7312927,933.5444,0.0,1.409968,-0.13216701,3.7350214,13.953857,1.026248,32.739628,5.0,1.0,-0.8660254037844386,0.5000000000000001,0.0859061042613327,0.9963032375991964,0.4999999999999999,0.8660254037844387,2.984459031150893,6.65445894912,3479000,NC,36.215,-81.687,Unregulated,11.91,57.9,15.19,6.99,4.75,NLCD_2021_estimated,2025-09-22,10,Estimated from location and regulation status
2023-01-05 21:00:00,"Watauga River, NC",19743430,3.6499999184161425,6.597825255936,0.0,1040656.0,-0.00011013588,21.0,286.40405,269.07288,93344.69,3.1356506,1.0810852,0.46122873,13.254059,-4.077118,933.4469,0.0,1.040656,-0.11013588,3.3167832,19.022766,1.0712154,29.656952,5.0,1.0,-0.7071067811865477,0.7071067811865474,0.0859061042613327,0.9963032375991964,0.4999999999999999,0.8660254037844387,2.9478253375198573,6.597825255936,3479000,NC,36.215,-81.687,Unregulated,11.91,57.9,15.19,6.99,4.75,NLCD_2021_estimated,2025-09-22,10,Estimated from location and regulation status
2023-01-05 22:00:00,"Watauga River, NC",19743430,3.669999917969107,6.51287471616,0.0,439372.0,-5.606748e-05,22.0,283.9834,270.05188,93392.875,2.4645996,0.44181824,0.4610628,10.833405,-3.098114,933.9288,0.0,0.439372,-0.05606748,2.503888,10.163208,0.81219596,37.439068,5.0,1.0,-0.5000000000000004,0.8660254037844384,0.0859061042613327,0.9963032375991964,0.4999999999999999,0.8660254037844387,2.8428747981908926,6.51287471616,3479000,NC,36.215,-81.687,Unregulated,11.91,57.9,15.19,6.99,4.75,NLCD_2021_estimated,2025-09-22,10,Estimated from location and regulation status
2023-01-05 23:00:00,"Watauga River, NC",19743430,3.6299999188631777,6.399607329792,0.0,23080.0,-1.415587e-05,23.0,282.5553,270.22668,93400.94,2.303955,-0.22038269,0.46107984,9.405304,-2.9233093,934.0094,0.0,0.02308,-0.01415587,2.3144712,354.53604,0.6874395,41.73631,5.0,1.0,-0.2588190451025215,0.965925826289068,0.0859061042613327,0.9963032375991964,0.4999999999999999,0.8660254037844387,2.7696074109288227,6.399607329792,3479000,NC,36.215,-81.687,Unregulated,11.91,57.9,15.19,6.99,4.75,NLCD_2021_estimated,2025-09-22,10,Estimated from location and regulation status
2023-01-06 00:00:00,"Watauga River, NC",19743430,3.609999919310212,6.357132059904,0.0,0.0,-1.1186814e-05,0.0,281.4768,269.99866,93444.625,2.686432,-0.66807556,0.46110702,8.326813,-3.1513367,934.4462,0.0,0.0,-0.011186814,2.768256,346.0347,0.61275977,44.13623,6.0,1.0,0.0,1.0,0.1030313790431787,0.9946781061893646,0.4999999999999999,0.8660254037844387,2.747132140593788,6.357132059904,3479000,NC,36.215,-81.687,Unregulated,11.91,57.9,15.19,6.99,4.75,NLCD_2021_estimated,2025-09-22,10,Estimated from location and regulation status
2023-01-06 01:00:00,"Watauga River, NC",19743430,3.609999919310212,6.314656790016,0.0,0.0,-1.071021e-05,1.0,280.76587,269.88293,93496.19,2.9180908,-0.8337555,0.4611317,7.6158752,-3.2670593,934.96185,0.0,0.0,-0.01071021,3.0348644,344.05432,0.5650737,45.927223,6.0,1.0,0.2588190451025207,0.9659258262890684,0.1030313790431787,0.9946781061893646,0.4999999999999999,0.8660254037844387,2.7046568707057883,6.314656790016,3479000,NC,36.215,-81.687,Unregulated,11.91,57.9,15.19,6.99,4.75,NLCD_2021_estimated,2025-09-22,10,Estimated from location and regulation status
2023-01-06 02:00:00,"Watauga River, NC",19743430,3.63999991863966,6.2297062502400005,0.0,0.0,-9.852229e-06,2.0,280.10052,269.80164,93519.81,3.0924683,-0.75953674,0.4611566,6.950531,-3.3483582,935.1981,0.0,0.0,-0.009852229,3.184377,346.2008,0.52142143,47.77746,6.0,1.0,0.4999999999999999,0.8660254037844387,0.1030313790431787,0.9946781061893646,0.4999999999999999,0.8660254037844387,2.5897063316003406,6.2297062502400005,3479000,NC,36.215,-81.687,Unregulated,11.91,57.9,15.19,6.99,4.75,NLCD_2021_estimated,2025-09-22,10,Estimated from location and regulation status
2023-01-06 03:00:00,"Watauga River, NC",19743430,3.7399999164044857,6.173072557056,0.0,0.0,-8.804956e-06,3.0,278.91962,269.94092,93555.19,3.1944275,-0.49232483,0.46118557,5.769623,-3.209076,935.5519,0.0,0.0,-0.008804956,3.2321434,351.23853,0.43826237,52.37828,6.0,1.0,0.7071067811865475,0.7071067811865476,0.1030313790431787,0.9946781061893646,0.4999999999999999,0.8660254037844387,2.433072640651514,6.173072557056,3479000,NC,36.215,-81.687,Unregulated,11.91,57.9,15.19,6.99,4.75,NLCD_2021_estimated,2025-09-22,10,Estimated from location and regulation status
2023-01-06 04:00:00,"Watauga River, NC",19743430,3.749999916180968,6.095201228928,0.0,0.0,-8.2838815e-06,4.0,278.54297,269.8587,93573.625,3.4330597,-0.4894104,0.46120656,5.392975,-3.2912903,935.73627,0.0,0.0,-0.0082838815,3.4677691,351.8867,0.41744986,53.437214,6.0,1.0,0.8660254037844386,0.5000000000000001,0.1030313790431787,0.9946781061893646,0.4999999999999999,0.8660254037844387,2.3452013127470326,6.095201228928,3479000,NC,36.215,-81.687,Unregulated,11.91,57.9,15.19,6.99,4.75,NLCD_2021_estimated,2025-09-22,10,Estimated from location and regulation status
2023-01-06 05:00:00,"Watauga River, NC",19743430,3.729999916628003,6.031488324096,0.0,0.0,-8.354196e-06,5.0,277.66364,269.7328,93593.56,3.509018,-0.586792,0.4612211,4.5136414,-3.4172058,935.9356,0.0,0.0,-0.008354196,3.5577426,350.50662,0.36855012,56.288155,6.0,1.0,0.9659258262890684,0.2588190451025207,0.1030313790431787,0.9946781061893646,0.4999999999999999,0.8660254037844387,2.301488407467997,6.031488324096,3479000,NC,36.215,-81.687,Unregulated,11.91,57.9,15.19,6.99,4.75,NLCD_2021_estimated,2025-09-22,10,Estimated from location and regulation status
2023-01-06 06:00:00,"Watauga River, NC",19743430,3.729999916628003,5.989013054208,0.0,0.0,-8.50833e-06,6.0,277.3841,269.41107,93578.0,3.4252014,-0.53948975,0.4612249,4.2341003,-3.738922,935.78,0.0,0.0,-0.00850833,3.4674275,351.0491,0.363491,56.034225,6.0,1.0,1.0,6.123233995736766e-17,0.1030313790431787,0.9946781061893646,0.4999999999999999,0.8660254037844387,2.2590131375799967,5.989013054208,3479000,NC,36.215,-81.687,Unregulated,11.91,57.9,15.19,6.99,4.75,NLCD_2021_estimated,2025-09-22,10,Estimated from location and regulation status
2023-01-06 07:00:00,"Watauga River, NC",19743430,3.749999916180968,5.94653778432,0.0,0.0,-9.6380245e-06,7.0,276.96637,268.83148,93600.25,3.3807068,-0.6197357,0.46121097,3.8163757,-4.318512,936.0025,0.0,0.0,-0.0096380245,3.437041,349.61212,0.3593289,55.241108,6.0,1.0,0.9659258262890684,-0.2588190451025206,0.1030313790431787,0.9946781061893646,0.4999999999999999,0.8660254037844387,2.1965378681390324,5.94653778432,3479000,NC,36.215,-81.687,Unregulated,11.91,57.9,15.19,6.99,4.75,NLCD_2021_estimated,2025-09-22,10,Estimated from location and regulation status
2023-01-06 08:00:00,"Watauga River, NC",19743430,3.809999914839864,5.918220937728,0.0,0.0,-9.286683e-06,8.0,276.0224,268.40656,93632.94,3.3689575,-0.79556274,0.46120095,2.872406,-4.7434387,936.32935,0.0,0.0,-0.009286683,3.4616175,346.7133,0.32147777,57.189484,6.0,1.0,0.8660254037844387,-0.4999999999999998,0.1030313790431787,0.9946781061893646,0.4999999999999999,0.8660254037844387,2.1082210228881357,5.918220937728,3479000,NC,36.215,-81.687,Unregulated,11.91,57.9,15.19,6.99,4.75,NLCD_2021_estimated,2025-09-22,10,Estimated from location and regulation status
2023-01-06 09:00:00,"Watauga River, NC",19743430,3.779999915510416,5.833270397952,0.0,0.0,-8.922536e-06,9.0,275.7149,268.2229,93665.19,3.2945404,-0.8399353,0.46118462,2.564911,-4.9270935,936.65186,0.0,0.0,-0.008922536,3.3999245,345.69727,0.3111696,57.64578,6.0,1.0,0.7071067811865476,-0.7071067811865475,0.1030313790431787,0.9946781061893646,0.4999999999999999,0.8660254037844387,2.053270482441584,5.833270397952,3479000,NC,36.215,-81.687,Unregulated,11.91,57.9,15.19,6.99,4.75,NLCD_2021_estimated,2025-09-22,10,Estimated from location and regulation status
2023-01-06 10:00:00,"Watauga River, NC",19743430,3.759999915957451,5.748319858176,0.0,0.0,-8.4680505e-06,10.0,275.2688,268.0492,93662.75,2.912674,-0.6611328,0.46117127,2.118805,-5.1007996,936.6275,0.0,0.0,-0.0084680505,2.9867651,347.21143,0.2937003,58.73046,6.0,1.0,0.4999999999999999,-0.8660254037844387,0.1030313790431787,0.9946781061893646,0.4999999999999999,0.8660254037844387,1.9883199422185491,5.748319858176,3479000,NC,36.215,-81.687,Unregulated,11.91,57.9,15.19,6.99,4.75,NLCD_2021_estimated,2025-09-22,10,Estimated from location and regulation status
2023-01-06 11:00:00,"Watauga River, NC",19743430,3.779999915510416,5.684606953344,0.0,0.0,-7.74581e-06,11.0,275.1388,268.07318,93699.625,2.7636108,-0.5540314,0.4611646,1.9888,-5.0768127,936.9963,0.0,0.0,-0.00774581,2.8185983,348.66397,0.28635016,59.387337,6.0,1.0,0.258819045102521,-0.9659258262890682,0.1030313790431787,0.9946781061893646,0.4999999999999999,0.8660254037844387,1.9046070378335838,5.684606953344,3479000,NC,36.215,-81.687,Unregulated,11.91,57.9,15.19,6.99,4.75,NLCD_2021_estimated,2025-09-22,10,Estimated from location and regulation status
2023-01-06 12:00:00,"Watauga River, NC",19743430,3.7899999152868986,5.6633693184,0.0,0.0,-7.162569e-06,12.0,275.16333,268.26727,93740.75,2.79953,-0.9194031,0.46115983,2.0133362,-4.882721,937.4075,0.0,0.0,-0.007162569,2.9466372,341.81912,0.2813726,60.163307,6.0,1.0,1.2246467991473532e-16,-1.0,0.1030313790431787,0.9946781061893646,0.4999999999999999,0.8660254037844387,1.8733694031131014,5.6633693184,3479000,NC,36.215,-81.687,Unregulated,11.91,57.9,15.19,6.99,4.75,NLCD_2021_estimated,2025-09-22,10,Estimated from location and regulation status
2023-01-06 13:00:00,"Watauga River, NC",19743430,3.829999914392829,5.599656413568,0.0,15292.0,-6.8882946e-06,13.0,275.02466,268.34564,93795.81,2.6109772,-1.3391266,0.4611547,1.8746643,-4.804352,937.9581,0.0,0.015292,-0.0068882946,2.9343588,332.84747,0.27186123,61.12587,6.0,1.0,-0.2588190451025208,-0.9659258262890684,0.1030313790431787,0.9946781061893646,0.4999999999999999,0.8660254037844387,1.7696564991751709,5.599656413568,3479000,NC,36.215,-81.687,Unregulated,11.91,57.9,15.19,6.99,4.75,NLCD_2021_estimated,2025-09-22,10,Estimated from location and regulation status
2023-01-06 14:00:00,"Watauga River, NC",19743430,3.799999915063381,5.578418778624,0.0,395664.0,-2.1576881e-05,14.0,276.97766,268.81854,93835.44,2.4709778,-0.96017456,0.4610927,3.8276672,-4.3314514,938.3544,0.0,0.395664,-0.021576881,2.6509745,338.76483,0.36040115,55.14326,6.0,1.0,-0.4999999999999998,-0.8660254037844388,0.1030313790431787,0.9946781061893646,0.4999999999999999,0.8660254037844387,1.7784188635606188,5.578418778624,3479000,NC,36.215,-81.687,Unregulated,11.91,57.9,15.19,6.99,4.75,NLCD_2021_estimated,2025-09-22,10,Estimated from location and regulation status
2023-01-06 15:00:00,"Watauga River, NC",19743430,3.779999915510416,5.5359435087360005,0.0,980496.0,-5.2843243e-05,15.0,278.31152,268.52576,93935.81,3.3375854,-0.9311218,0.46093798,5.1615295,-4.624237,939.35815,0.0,0.980496,-0.052843243,3.4650347,344.41193,0.44884706,49.121605,6.0,1.0,-0.7071067811865471,-0.7071067811865479,0.1030313790431787,0.9946781061893646,0.4999999999999999,0.8660254037844387,1.7559435932255845,5.5359435087360005,3479000,NC,36.215,-81.687,Unregulated,11.91,57.9,15.19,6.99,4.75,NLCD_2021_estimated,2025-09-22,10,Estimated from location and regulation status
2023-01-06 16:00:00,"Watauga River, NC",19743430,3.8199999146163464,5.493468238848,0.0,1390928.0,-7.5962394e-05,16.0,279.08606,269.05658,93963.25,3.7809906,-0.8602295,0.4605571,5.9360657,-4.0934143,939.6325,0.0,1.390928,-0.075962394,3.8776133,347.1826,0.4799034,48.451717,6.0,1.0,-0.8660254037844384,-0.5000000000000004,0.1030313790431787,0.9946781061893646,0.4999999999999999,0.8660254037844387,1.6734683242316537,5.493468238848,3479000,NC,36.215,-81.687,Unregulated,11.91,57.9,15.19,6.99,4.75,NLCD_2021_estimated,2025-09-22,10,Estimated from location and regulation status
2023-01-06 17:00:00,"Watauga River, NC",19743430,3.829999914392829,5.493468238848,0.0,1704248.0,-9.124889e-05,17.0,280.24377,269.3136,93928.0,3.8934937,-0.9599457,0.46007752,7.0937805,-3.8363953,939.28,0.0,1.704248,-0.09124889,4.010086,346.14987,0.54844165,45.608818,6.0,1.0,-0.9659258262890684,-0.2588190451025206,0.1030313790431787,0.9946781061893646,0.4999999999999999,0.8660254037844387,1.6634683244551711,5.493468238848,3479000,NC,36.215,-81.687,Unregulated,11.91,57.9,15.19,6.99,4.75,NLCD_2021_estimated,2025-09-22,10,Estimated from location and regulation status
2023-01-06 18:00:00,"Watauga River, NC",19743430,3.799999915063381,5.408517699072,0.0,1870576.0,-0.0001023761,18.0,280.89587,269.3938,93875.31,3.5523224,-1.0158081,0.45953906,7.74588,-3.756195,938.7531,0.0,1.870576,-0.1023761,3.6947072,344.0418,0.5916755,43.88205,6.0,1.0,-1.0,-1.8369701987210294e-16,0.1030313790431787,0.9946781061893646,0.4999999999999999,0.8660254037844387,1.608517784008619,5.408517699072,3479000,NC,36.215,-81.687,Unregulated,11.91,57.9,15.19,6.99,4.75,NLCD_2021_estimated,2025-09-22,10,Estimated from location and regulation status
2023-01-06 19:00:00,"Watauga River, NC",19743430,3.809999914839864,5.408517699072,0.0,1825880.0,-0.00011326233,19.0,281.3634,269.08698,93850.06,3.4519958,-1.0054626,0.4589665,8.213409,-4.063019,938.5006,0.0,1.82588,-0.113262326,3.5954456,343.76074,0.63635224,41.53654,6.0,1.0,-0.9659258262890684,0.2588190451025203,0.1030313790431787,0.9946781061893646,0.4999999999999999,0.8660254037844387,1.5985177842321359,5.408517699072,3479000,NC,36.215,-81.687,Unregulated,11.91,57.9,15.19,6.99,4.75,NLCD_2021_estimated,2025-09-22,10,Estimated from location and regulation status
2023-01-06 20:00:00,"Watauga River, NC",19743430,3.779999915510416,5.295250312704,0.0,1335204.0,-9.7385375e-05,20.0,281.78088,269.23016,93874.875,3.2688599,-1.0997772,0.45851564,8.63089,-3.9198303,938.7488,0.0,1.335204,-0.09738538,3.4489062,341.40497,0.6627355,40.813717,6.0,1.0,-0.8660254037844386,0.5000000000000001,0.1030313790431787,0.9946781061893646,0.4999999999999999,0.8660254037844387,1.5152503971935838,5.295250312704,3479000,NC,36.215,-81.687,Unregulated,11.91,57.9,15.19,6.99,4.75,NLCD_2021_estimated,2025-09-22,10,Estimated from location and regulation status
2023-01-06 21:00:00,"Watauga River, NC",19743430,3.709999917075038,5.27401267776,0.0,976908.0,-7.903762e-05,21.0,281.7256,269.00818,93917.56,3.013626,-1.0426941,0.45816684,8.575592,-4.141815,939.1756,0.0,0.976908,-0.07903762,3.188911,340.91473,0.66612387,40.287746,6.0,1.0,-0.7071067811865477,0.7071067811865474,0.1030313790431787,0.9946781061893646,0.4999999999999999,0.8660254037844387,1.564012760684962,5.27401267776,3479000,NC,36.215,-81.687,Unregulated,11.91,57.9,15.19,6.99,4.75,NLCD_2021_estimated,2025-09-22,10,Estimated from location and regulation status
2023-01-06 22:00:00,"Watauga River, NC",19743430,3.6299999188631777,5.210299772928,0.0,439336.0,-4.083407e-05,22.0,279.8933,269.11914,93978.875,2.0547333,-1.0748444,0.45800567,6.7433167,-4.0308533,939.78876,0.0,0.439336,-0.04083407,2.3188832,332.38565,0.53113073,46.041767,6.0,1.0,-0.5000000000000004,0.8660254037844384,0.1030313790431787,0.9946781061893646,0.4999999999999999,0.8660254037844387,1.580299854064822,5.210299772928,3479000,NC,36.215,-81.687,Unregulated,11.91,57.9,15.19,6.99,4.75,NLCD_2021_estimated,2025-09-22,10,Estimated from location and regulation status
2023-01-06 23:00:00,"Watauga River, NC",19743430,3.5799999199807644,5.210299772928,0.0,25668.0,-8.949079e-06,23.0,278.95813,269.2467,94030.56,2.0289764,-0.93156433,0.45799565,5.808136,-3.9032898,940.3056,0.0,0.025668,-0.008949079,2.2326124,335.3387,0.46518204,49.58801,6.0,1.0,-0.2588190451025215,0.965925826289068,0.1030313790431787,0.9946781061893646,0.4999999999999999,0.8660254037844387,1.6302998529472355,5.210299772928,3479000,NC,36.215,-81.687,Unregulated,11.91,57.9,15.19,6.99,4.75,NLCD_2021_estimated,2025-09-22,10,Estimated from location and regulation status
2023-01-07 00:00:00,"Watauga River, NC",19743430,3.5799999199807644,5.16782450304,0.0,0.0,-6.1227474e-06,0.0,277.93445,269.51355,94061.125,2.0557861,-1.0234528,0.4579985,4.7844543,-3.636444,940.61127,0.0,0.0,-0.0061227474,2.2964563,333.53403,0.3924261,54.330444,7.0,1.0,0.0,1.0,0.1201261651823505,0.9927586335250792,0.4999999999999999,0.8660254037844387,1.587824583059236,5.16782450304,3479000,NC,36.215,-81.687,Unregulated,11.91,57.9,15.19,6.99,4.75,NLCD_2021_estimated,2025-09-22,10,Estimated from location and regulation status
